{
  "rank": 1,
  "precision": 32,
  "candidates_per_task": 100,
  "best_score": 111.0,
  "time_seconds": 0.004553794860839844,
  "best_k": [
    2,
    0,
    0,
    0,
    0,
    2,
    0,
    2,
    1,
    1,
    1,
    0,
    0,
    1,
    1,
    2,
    0,
    1,
    1,
    0
  ],
  "best_z_real": [
    -0.5000000000000004,
    1.0,
    1.0,
    1.0,
    1.0,
    -0.5000000000000004,
    1.0,
    -0.5000000000000004,
    -0.4999999999999998,
    -0.4999999999999998,
    -0.4999999999999998,
    1.0,
    1.0,
    -0.4999999999999998,
    -0.4999999999999998,
    -0.5000000000000004,
    1.0,
    -0.4999999999999998,
    -0.4999999999999998,
    1.0
  ],
  "best_z_imag": [
    -0.8660254037844384,
    0.0,
    0.0,
    0.0,
    0.0,
    -0.8660254037844384,
    0.0,
    -0.8660254037844384,
    0.8660254037844387,
    0.8660254037844387,
    0.8660254037844387,
    0.0,
    0.0,
    0.8660254037844387,
    0.8660254037844387,
    -0.8660254037844384,
    0.0,
    0.8660254037844387,
    0.8660254037844387,
    0.0
  ],
  "num_workers": 210,
  "q_file": "/scratch/bs82/graphs/regular_graph/4_regular_graph_rank_1/n20/Q_20_seed_11.npy",
  "v_file": "/scratch/bs82/graphs/regular_graph/4_regular_graph_rank_1/n20/V_20_seed_11.npy",
  "best_l": 4
}