{
  "n": 20,
  "seed": 42,
  "rank": 1,
  "precision": 32,
  "candidates_per_task": 10,
  "best_l": 0,
  "best_score": 57.0,
  "time_seconds": 0.19220900535583496,
  "best_k": [
    0,
    0,
    0,
    1,
    1,
    0,
    1,
    1,
    1,
    0,
    0,
    0,
    0,
    1,
    0,
    0,
    1,
    0,
    0,
    0
  ],
  "best_z_real": [
    1.0,
    1.0,
    1.0,
    -0.4999999999999998,
    -0.4999999999999998,
    1.0,
    -0.4999999999999998,
    -0.4999999999999998,
    -0.4999999999999998,
    1.0,
    1.0,
    1.0,
    1.0,
    -0.4999999999999998,
    1.0,
    1.0,
    -0.4999999999999998,
    1.0,
    1.0,
    1.0
  ],
  "best_z_imag": [
    0.0,
    0.0,
    0.0,
    0.8660254037844387,
    0.8660254037844387,
    0.0,
    0.8660254037844387,
    0.8660254037844387,
    0.8660254037844387,
    0.0,
    0.0,
    0.0,
    0.0,
    0.8660254037844387,
    0.0,
    0.0,
    0.8660254037844387,
    0.0,
    0.0,
    0.0
  ],
  "num_workers": 208
}