{
  "n": 20,
  "seed": 1,
  "rank": 1,
  "precision": 32,
  "candidates_per_task": 10,
  "best_score": 63.0,
  "time_seconds": 0.0057675838470458984,
  "best_k": [
    1,
    1,
    2,
    0,
    1,
    1,
    2,
    2,
    0,
    2,
    2,
    2,
    2,
    2,
    2,
    0,
    2,
    0,
    2,
    0
  ],
  "best_z_real": [
    -0.4999999999999998,
    -0.4999999999999998,
    -0.5000000000000004,
    1.0,
    -0.4999999999999998,
    -0.4999999999999998,
    -0.5000000000000004,
    -0.5000000000000004,
    1.0,
    -0.5000000000000004,
    -0.5000000000000004,
    -0.5000000000000004,
    -0.5000000000000004,
    -0.5000000000000004,
    -0.5000000000000004,
    1.0,
    -0.5000000000000004,
    1.0,
    -0.5000000000000004,
    1.0
  ],
  "best_z_imag": [
    0.8660254037844387,
    0.8660254037844387,
    -0.8660254037844384,
    0.0,
    0.8660254037844387,
    0.8660254037844387,
    -0.8660254037844384,
    -0.8660254037844384,
    0.0,
    -0.8660254037844384,
    -0.8660254037844384,
    -0.8660254037844384,
    -0.8660254037844384,
    -0.8660254037844384,
    -0.8660254037844384,
    0.0,
    -0.8660254037844384,
    0.0,
    -0.8660254037844384,
    0.0
  ],
  "num_workers": 400,
  "q_file": "/scratch/bs82/graphs/erdos_renyi/rank_1/p01/n20/Q_20_seed_1.npy",
  "v_file": "/scratch/bs82/graphs/erdos_renyi/rank_1/p01/n20/V_20_seed_1.npy",
  "best_l": 15
}