{
  "n": 20,
  "seed": 5,
  "rank": 1,
  "precision": 32,
  "candidates_per_task": 10,
  "best_score": 54.0,
  "time_seconds": 0.0034036636352539062,
  "best_k": [
    0,
    0,
    1,
    0,
    0,
    1,
    0,
    1,
    1,
    1,
    0,
    0,
    1,
    0,
    0,
    0,
    1,
    1,
    1,
    1
  ],
  "best_z_real": [
    1.0,
    1.0,
    -0.4999999999999998,
    1.0,
    1.0,
    -0.4999999999999998,
    1.0,
    -0.4999999999999998,
    -0.4999999999999998,
    -0.4999999999999998,
    1.0,
    1.0,
    -0.4999999999999998,
    1.0,
    1.0,
    1.0,
    -0.4999999999999998,
    -0.4999999999999998,
    -0.4999999999999998,
    -0.4999999999999998
  ],
  "best_z_imag": [
    0.0,
    0.0,
    0.8660254037844387,
    0.0,
    0.0,
    0.8660254037844387,
    0.0,
    0.8660254037844387,
    0.8660254037844387,
    0.8660254037844387,
    0.0,
    0.0,
    0.8660254037844387,
    0.0,
    0.0,
    0.0,
    0.8660254037844387,
    0.8660254037844387,
    0.8660254037844387,
    0.8660254037844387
  ],
  "num_workers": 320,
  "q_file": "/scratch/bs82/graphs/erdos_renyi/rank_1/p01/n20/Q_20_seed_5.npy",
  "v_file": "/scratch/bs82/graphs/erdos_renyi/rank_1/p01/n20/V_20_seed_5.npy",
  "best_l": 0
}