{
  "n": 20,
  "seed": 17,
  "rank": 1,
  "precision": 32,
  "candidates_per_task": 10,
  "best_score": 54.00000000000001,
  "time_seconds": 0.0034551620483398438,
  "best_k": [
    0,
    1,
    2,
    2,
    0,
    2,
    1,
    1,
    0,
    2,
    2,
    2,
    2,
    0,
    2,
    0,
    0,
    2,
    0,
    2
  ],
  "best_z_real": [
    1.0,
    -0.4999999999999998,
    -0.5000000000000004,
    -0.5000000000000004,
    1.0,
    -0.5000000000000004,
    -0.4999999999999998,
    -0.4999999999999998,
    1.0,
    -0.5000000000000004,
    -0.5000000000000004,
    -0.5000000000000004,
    -0.5000000000000004,
    1.0,
    -0.5000000000000004,
    1.0,
    1.0,
    -0.5000000000000004,
    1.0,
    -0.5000000000000004
  ],
  "best_z_imag": [
    0.0,
    0.8660254037844387,
    -0.8660254037844384,
    -0.8660254037844384,
    0.0,
    -0.8660254037844384,
    0.8660254037844387,
    0.8660254037844387,
    0.0,
    -0.8660254037844384,
    -0.8660254037844384,
    -0.8660254037844384,
    -0.8660254037844384,
    0.0,
    -0.8660254037844384,
    0.0,
    0.0,
    -0.8660254037844384,
    0.0,
    -0.8660254037844384
  ],
  "num_workers": 320,
  "q_file": "/scratch/bs82/graphs/erdos_renyi/rank_1/p01/n20/Q_20_seed_17.npy",
  "v_file": "/scratch/bs82/graphs/erdos_renyi/rank_1/p01/n20/V_20_seed_17.npy",
  "best_l": 13
}