{
  "rank": 3,
  "precision": 32,
  "candidates_per_task": 10000,
  "best_score": 375.0,
  "time_seconds": 10.72780156135559,
  "best_k": [
    2,
    2,
    2,
    0,
    2,
    0,
    0,
    1,
    1,
    0,
    2,
    1,
    0,
    0,
    0,
    0,
    2,
    1,
    0,
    1
  ],
  "best_z_real": [
    -0.5,
    -0.5,
    -0.5,
    1.0,
    -0.5,
    1.0,
    1.0,
    -0.5,
    -0.5,
    1.0,
    -0.5,
    -0.5,
    1.0,
    1.0,
    1.0,
    1.0,
    -0.5,
    -0.5,
    1.0,
    -0.5
  ],
  "best_z_imag": [
    -0.8660253882408142,
    -0.8660253882408142,
    -0.8660253882408142,
    0.0,
    -0.8660253882408142,
    0.0,
    0.0,
    0.8660253882408142,
    0.8660253882408142,
    0.0,
    -0.8660253882408142,
    0.8660253882408142,
    0.0,
    0.0,
    0.0,
    0.0,
    -0.8660253882408142,
    0.8660253882408142,
    0.0,
    0.8660253882408142
  ],
  "num_workers": 210,
  "q_file": "/scratch/bs82/graphs/erdos_renyi/rank_3/p09/n20/Q_20_seed_18.npy",
  "v_file": "/scratch/bs82/graphs/erdos_renyi/rank_3/p09/n20/V_20_seed_18.npy"
}