{
  "n": 100,
  "seed": 1,
  "rank": 2,
  "precision": 32,
  "candidates_per_task": 10000,
  "best_score": 7782.0,
  "time_seconds": 14.434170246124268,
  "best_k": [
    1,
    0,
    2,
    2,
    2,
    2,
    0,
    1,
    1,
    1,
    1,
    1,
    2,
    1,
    2,
    1,
    1,
    1,
    2,
    1,
    1,
    1,
    0,
    0,
    2,
    2,
    2,
    0,
    0,
    1,
    0,
    0,
    1,
    1,
    0,
    0,
    1,
    1,
    2,
    2,
    0,
    2,
    1,
    0,
    2,
    0,
    2,
    2,
    2,
    1,
    2,
    0,
    0,
    0,
    0,
    0,
    1,
    2,
    1,
    0,
    1,
    2,
    1,
    0,
    2,
    0,
    0,
    0,
    2,
    2,
    1,
    0,
    2,
    2,
    0,
    1,
    0,
    2,
    2,
    2,
    2,
    0,
    1,
    2,
    0,
    0,
    2,
    0,
    0,
    1,
    0,
    1,
    2,
    2,
    1,
    2,
    1,
    0,
    1,
    0
  ],
  "best_z_real": [
    -0.5,
    1.0,
    -0.5,
    -0.5,
    -0.5,
    -0.5,
    1.0,
    -0.5,
    -0.5,
    -0.5,
    -0.5,
    -0.5,
    -0.5,
    -0.5,
    -0.5,
    -0.5,
    -0.5,
    -0.5,
    -0.5,
    -0.5,
    -0.5,
    -0.5,
    1.0,
    1.0,
    -0.5,
    -0.5,
    -0.5,
    1.0,
    1.0,
    -0.5,
    1.0,
    1.0,
    -0.5,
    -0.5,
    1.0,
    1.0,
    -0.5,
    -0.5,
    -0.5,
    -0.5,
    1.0,
    -0.5,
    -0.5,
    1.0,
    -0.5,
    1.0,
    -0.5,
    -0.5,
    -0.5,
    -0.5,
    -0.5,
    1.0,
    1.0,
    1.0,
    1.0,
    1.0,
    -0.5,
    -0.5,
    -0.5,
    1.0,
    -0.5,
    -0.5,
    -0.5,
    1.0,
    -0.5,
    1.0,
    1.0,
    1.0,
    -0.5,
    -0.5,
    -0.5,
    1.0,
    -0.5,
    -0.5,
    1.0,
    -0.5,
    1.0,
    -0.5,
    -0.5,
    -0.5,
    -0.5,
    1.0,
    -0.5,
    -0.5,
    1.0,
    1.0,
    -0.5,
    1.0,
    1.0,
    -0.5,
    1.0,
    -0.5,
    -0.5,
    -0.5,
    -0.5,
    -0.5,
    -0.5,
    1.0,
    -0.5,
    1.0
  ],
  "best_z_imag": [
    0.8660253882408142,
    0.0,
    -0.8660253882408142,
    -0.8660253882408142,
    -0.8660253882408142,
    -0.8660253882408142,
    0.0,
    0.8660253882408142,
    0.8660253882408142,
    0.8660253882408142,
    0.8660253882408142,
    0.8660253882408142,
    -0.8660253882408142,
    0.8660253882408142,
    -0.8660253882408142,
    0.8660253882408142,
    0.8660253882408142,
    0.8660253882408142,
    -0.8660253882408142,
    0.8660253882408142,
    0.8660253882408142,
    0.8660253882408142,
    0.0,
    0.0,
    -0.8660253882408142,
    -0.8660253882408142,
    -0.8660253882408142,
    0.0,
    0.0,
    0.8660253882408142,
    0.0,
    0.0,
    0.8660253882408142,
    0.8660253882408142,
    0.0,
    0.0,
    0.8660253882408142,
    0.8660253882408142,
    -0.8660253882408142,
    -0.8660253882408142,
    0.0,
    -0.8660253882408142,
    0.8660253882408142,
    0.0,
    -0.8660253882408142,
    0.0,
    -0.8660253882408142,
    -0.8660253882408142,
    -0.8660253882408142,
    0.8660253882408142,
    -0.8660253882408142,
    0.0,
    0.0,
    0.0,
    0.0,
    0.0,
    0.8660253882408142,
    -0.8660253882408142,
    0.8660253882408142,
    0.0,
    0.8660253882408142,
    -0.8660253882408142,
    0.8660253882408142,
    0.0,
    -0.8660253882408142,
    0.0,
    0.0,
    0.0,
    -0.8660253882408142,
    -0.8660253882408142,
    0.8660253882408142,
    0.0,
    -0.8660253882408142,
    -0.8660253882408142,
    0.0,
    0.8660253882408142,
    0.0,
    -0.8660253882408142,
    -0.8660253882408142,
    -0.8660253882408142,
    -0.8660253882408142,
    0.0,
    0.8660253882408142,
    -0.8660253882408142,
    0.0,
    0.0,
    -0.8660253882408142,
    0.0,
    0.0,
    0.8660253882408142,
    0.0,
    0.8660253882408142,
    -0.8660253882408142,
    -0.8660253882408142,
    0.8660253882408142,
    -0.8660253882408142,
    0.8660253882408142,
    0.0,
    0.8660253882408142,
    0.0
  ],
  "num_workers": 400,
  "q_file": "/scratch/bs82/graphs/erdos_renyi/rank_2/p075/n100/Q_100_seed_1.npy",
  "v_file": "/scratch/bs82/graphs/erdos_renyi/rank_2/p075/n100/V_100_seed_1.npy"
}