{
  "n": 20,
  "seed": 14,
  "rank": 3,
  "precision": 32,
  "candidates_per_task": 10000,
  "best_score": 150.0,
  "time_seconds": 19.380871295928955,
  "best_k": [
    0,
    0,
    1,
    2,
    1,
    2,
    2,
    0,
    1,
    2,
    1,
    1,
    0,
    0,
    0,
    2,
    1,
    1,
    2,
    0
  ],
  "best_z_real": [
    1.0,
    1.0,
    -0.5,
    -0.5,
    -0.5,
    -0.5,
    -0.5,
    1.0,
    -0.5,
    -0.5,
    -0.5,
    -0.5,
    1.0,
    1.0,
    1.0,
    -0.5,
    -0.5,
    -0.5,
    -0.5,
    1.0
  ],
  "best_z_imag": [
    0.0,
    0.0,
    0.8660253882408142,
    -0.8660253882408142,
    0.8660253882408142,
    -0.8660253882408142,
    -0.8660253882408142,
    0.0,
    0.8660253882408142,
    -0.8660253882408142,
    0.8660253882408142,
    0.8660253882408142,
    0.0,
    0.0,
    0.0,
    -0.8660253882408142,
    0.8660253882408142,
    0.8660253882408142,
    -0.8660253882408142,
    0.0
  ],
  "num_workers": 400,
  "q_file": "/scratch/bs82/graphs/regular_graph/5_regular_graph_rank_3/n20/Q_20_seed_14.npy",
  "v_file": "/scratch/bs82/graphs/regular_graph/5_regular_graph_rank_3/n20/V_20_seed_14.npy"
}