{
  "n": 20,
  "seed": 18,
  "rank": 3,
  "precision": 32,
  "candidates_per_task": 10000,
  "best_score": 144.0,
  "time_seconds": 20.17752432823181,
  "best_k": [
    1,
    0,
    2,
    2,
    1,
    0,
    1,
    0,
    2,
    0,
    1,
    0,
    2,
    2,
    1,
    0,
    1,
    2,
    1,
    1
  ],
  "best_z_real": [
    -0.5,
    1.0,
    -0.5,
    -0.5,
    -0.5,
    1.0,
    -0.5,
    1.0,
    -0.5,
    1.0,
    -0.5,
    1.0,
    -0.5,
    -0.5,
    -0.5,
    1.0,
    -0.5,
    -0.5,
    -0.5,
    -0.5
  ],
  "best_z_imag": [
    0.8660253882408142,
    0.0,
    -0.8660253882408142,
    -0.8660253882408142,
    0.8660253882408142,
    0.0,
    0.8660253882408142,
    0.0,
    -0.8660253882408142,
    0.0,
    0.8660253882408142,
    0.0,
    -0.8660253882408142,
    -0.8660253882408142,
    0.8660253882408142,
    0.0,
    0.8660253882408142,
    -0.8660253882408142,
    0.8660253882408142,
    0.8660253882408142
  ],
  "num_workers": 400,
  "q_file": "/scratch/bs82/graphs/regular_graph/5_regular_graph_rank_3/n20/Q_20_seed_18.npy",
  "v_file": "/scratch/bs82/graphs/regular_graph/5_regular_graph_rank_3/n20/V_20_seed_18.npy"
}