{
  "graph_q": "/scratch/bs82/graphs/gset_rank_2/Q_gset_1.npy",
  "graph_v": "/scratch/bs82/graphs/gset_rank_2/V_gset_1.npy",
  "num_gpus": 4,
  "num_cpus": 16,
  "candidates_per_task": 100000000,
  "num_tasks": 8,
  "auto_gpu_inner_batch_size_per_actor": [
    1048576,
    1048576,
    1048576,
    1048576
  ],
  "default_auto_queue_depth": 8,
  "inner_batch_results": [
    {
      "inner_batch": 262144,
      "max_in_flight_gpu_requests": 8,
      "num_tasks": 8,
      "total_wall_seconds": 295.263671830995,
      "avg_compute_seconds": 125.40271574250073,
      "avg_queue_wall_seconds": 194.45455262777978,
      "best_score_seen": 41939.0,
      "best_batch_seen": 0,
      "total_feasible": 573254903,
      "per_task_compute_seconds": [
        103.16670745215379,
        103.68877030583099,
        172.2798801609315,
        173.2487268219702,
        103.43871760298498,
        103.80388495698571,
        121.58643526304513,
        122.00860337610357
      ]
    },
    {
      "inner_batch": 335544,
      "max_in_flight_gpu_requests": 8,
      "num_tasks": 8,
      "total_wall_seconds": 242.90844805911183,
      "avg_compute_seconds": 103.48447861993918,
      "avg_queue_wall_seconds": 159.69043491300545,
      "best_score_seen": 41939.0,
      "best_batch_seen": 0,
      "total_feasible": 573254903,
      "per_task_compute_seconds": [
        84.77014893689193,
        88.1632724199444,
        136.80295198201202,
        139.88085550209507,
        85.43721127090976,
        88.80296637979336,
        100.99674765393138,
        103.02167481393553
      ]
    },
    {
      "inner_batch": 524288,
      "max_in_flight_gpu_requests": 8,
      "num_tasks": 8,
      "total_wall_seconds": 174.81016907305457,
      "avg_compute_seconds": 74.73750938047306,
      "avg_queue_wall_seconds": 115.01746443312732,
      "best_score_seen": 41939.0,
      "best_batch_seen": 0,
      "total_feasible": 573254903,
      "per_task_compute_seconds": [
        61.053751819068566,
        64.26675468985923,
        97.38679237687029,
        99.50321466499008,
        61.73767123394646,
        64.79415954602882,
        73.85627849306911,
        75.3014522199519
      ]
    },
    {
      "inner_batch": 1048576,
      "max_in_flight_gpu_requests": 8,
      "num_tasks": 8,
      "total_wall_seconds": 111.99777026008815,
      "avg_compute_seconds": 48.48014214876457,
      "avg_queue_wall_seconds": 74.25638438999886,
      "best_score_seen": 41939.0,
      "best_batch_seen": 0,
      "total_feasible": 573254903,
      "per_task_compute_seconds": [
        40.45911024999805,
        42.012428915826604,
        61.43457799591124,
        62.27691500307992,
        40.818754353094846,
        42.44877472613007,
        48.674654151080176,
        49.715921794995666
      ]
    },
    {
      "inner_batch": 0,
      "max_in_flight_gpu_requests": 8,
      "num_tasks": 8,
      "total_wall_seconds": 111.72483288589865,
      "avg_compute_seconds": 48.23992571546114,
      "avg_queue_wall_seconds": 73.89546773652546,
      "best_score_seen": 41939.0,
      "best_batch_seen": 0,
      "total_feasible": 573254903,
      "per_task_compute_seconds": [
        40.36031479598023,
        41.4992277380079,
        61.05727326893248,
        62.304166678804904,
        40.576155218994245,
        42.27042672899552,
        48.43481374508701,
        49.417027548886836
      ]
    }
  ],
  "queue_depth_results": [
    {
      "inner_batch": 0,
      "max_in_flight_gpu_requests": 4,
      "num_tasks": 8,
      "total_wall_seconds": 111.25613373913802,
      "avg_compute_seconds": 48.11159415100701,
      "avg_queue_wall_seconds": 50.81284744720324,
      "best_score_seen": 41939.0,
      "best_batch_seen": 0,
      "total_feasible": 573254903,
      "per_task_compute_seconds": [
        40.32936865510419,
        41.47453512204811,
        61.129503117874265,
        61.92401643190533,
        42.23297865502536,
        40.44044304220006,
        48.03237578785047,
        49.32953239604831
      ]
    },
    {
      "inner_batch": 0,
      "max_in_flight_gpu_requests": 8,
      "num_tasks": 8,
      "total_wall_seconds": 111.37902260199189,
      "avg_compute_seconds": 48.142106705956394,
      "avg_queue_wall_seconds": 73.6839201952389,
      "best_score_seen": 41939.0,
      "best_batch_seen": 0,
      "total_feasible": 573254903,
      "per_task_compute_seconds": [
        40.2191826258786,
        41.35655587492511,
        60.84468974987976,
        61.891677578911185,
        40.60962899099104,
        42.216606854926795,
        48.51409519906156,
        49.4844167730771
      ]
    },
    {
      "inner_batch": 0,
      "max_in_flight_gpu_requests": 12,
      "num_tasks": 8,
      "total_wall_seconds": 112.06975649599917,
      "avg_compute_seconds": 48.48092344106408,
      "avg_queue_wall_seconds": 74.29272512657917,
      "best_score_seen": 41939.0,
      "best_batch_seen": 0,
      "total_feasible": 573254903,
      "per_task_compute_seconds": [
        40.4753656629473,
        41.91994106187485,
        61.61125905578956,
        62.46690725302324,
        40.712056282907724,
        42.40179617400281,
        48.66083432896994,
        49.599227708997205
      ]
    }
  ]
}