{
  "graph_q": "/scratch/bs82/graphs/gset_rank_2/Q_gset_1.npy",
  "graph_v": "/scratch/bs82/graphs/gset_rank_2/V_gset_1.npy",
  "num_gpus": 4,
  "num_cpus": 16,
  "candidates_per_task": 100000000,
  "num_tasks": 8,
  "auto_gpu_inner_batch_size_per_actor": [
    1048576,
    1048576,
    1048576,
    1048576
  ],
  "default_auto_queue_depth": 8,
  "inner_batch_results": [
    {
      "inner_batch": 524288,
      "max_in_flight_gpu_requests": 8,
      "num_tasks": 8,
      "total_wall_seconds": 124.31038382090628,
      "avg_compute_seconds": 61.516343312570825,
      "avg_queue_wall_seconds": 92.1894466340309,
      "best_score_seen": 41939.0,
      "best_batch_seen": 0,
      "total_feasible": 573254903,
      "per_task_compute_seconds": [
        60.5086029144004,
        61.38532866816968,
        61.408937783911824,
        62.059169949032366,
        61.2078095190227,
        61.65742246899754,
        61.65642240270972,
        62.24705279432237
      ]
    }
  ],
  "queue_depth_results": [
    {
      "inner_batch": 524288,
      "max_in_flight_gpu_requests": 8,
      "num_tasks": 8,
      "total_wall_seconds": 123.78172013536096,
      "avg_compute_seconds": 61.28670426586177,
      "avg_queue_wall_seconds": 91.78036160557531,
      "best_score_seen": 41939.0,
      "best_batch_seen": 0,
      "total_feasible": 573254903,
      "per_task_compute_seconds": [
        60.38591254502535,
        60.863430828787386,
        61.00827102921903,
        61.6687001073733,
        61.23186290636659,
        61.48613366577774,
        61.540362829342484,
        62.1089602150023
      ]
    }
  ]
}