{
  "graph_q": "/scratch/bs82/graphs/gset_rank_2/Q_gset_1.npy",
  "graph_v": "/scratch/bs82/graphs/gset_rank_2/V_gset_1.npy",
  "num_gpus": 4,
  "num_cpus": 16,
  "candidates_per_task": 100000000,
  "num_tasks": 8,
  "auto_gpu_inner_batch_size_per_actor": [
    1048576,
    1048576,
    1048576,
    1048576
  ],
  "default_auto_queue_depth": 8,
  "inner_batch_results": [
    {
      "inner_batch": 0,
      "max_in_flight_gpu_requests": 8,
      "num_tasks": 8,
      "total_wall_seconds": 81.05143485125154,
      "avg_compute_seconds": 40.32584465073887,
      "avg_queue_wall_seconds": 60.43922277435195,
      "best_score_seen": 41939.0,
      "best_batch_seen": 0,
      "total_feasible": 573254903,
      "per_task_compute_seconds": [
        39.77290104702115,
        40.090485863387585,
        40.48815881740302,
        40.533359189517796,
        40.147555234842,
        40.50952481571585,
        40.55061742197722,
        40.51415481604636
      ]
    }
  ],
  "queue_depth_results": [
    {
      "inner_batch": 0,
      "max_in_flight_gpu_requests": 8,
      "num_tasks": 8,
      "total_wall_seconds": 80.61485811788589,
      "avg_compute_seconds": 40.173799632815644,
      "avg_queue_wall_seconds": 60.14323500019964,
      "best_score_seen": 41939.0,
      "best_batch_seen": 0,
      "total_feasible": 573254903,
      "per_task_compute_seconds": [
        39.77805365342647,
        39.798392654396594,
        40.01472317427397,
        40.14183029718697,
        40.15812139119953,
        40.535783908329904,
        40.49442547094077,
        40.46906651277095
      ]
    }
  ]
}