{
  "n": 20,
  "seed": 17,
  "rank": 2,
  "precision": 32,
  "candidates_per_task": 1000,
  "best_score": 141.0,
  "time_seconds": 0.5470180511474609,
  "best_k": [
    2,
    1,
    0,
    0,
    1,
    2,
    2,
    2,
    0,
    2,
    1,
    1,
    0,
    0,
    0,
    2,
    1,
    2,
    1,
    1
  ],
  "best_z_real": [
    -0.5,
    -0.5,
    1.0,
    1.0,
    -0.5,
    -0.5,
    -0.5,
    -0.5,
    1.0,
    -0.5,
    -0.5,
    -0.5,
    1.0,
    1.0,
    1.0,
    -0.5,
    -0.5,
    -0.5,
    -0.5,
    -0.5
  ],
  "best_z_imag": [
    -0.8660253882408142,
    0.8660253882408142,
    0.0,
    0.0,
    0.8660253882408142,
    -0.8660253882408142,
    -0.8660253882408142,
    -0.8660253882408142,
    0.0,
    -0.8660253882408142,
    0.8660253882408142,
    0.8660253882408142,
    0.0,
    0.0,
    0.0,
    -0.8660253882408142,
    0.8660253882408142,
    -0.8660253882408142,
    0.8660253882408142,
    0.8660253882408142
  ],
  "num_workers": 400,
  "q_file": "/scratch/bs82/graphs/regular_graph/5_regular_graph_rank_2/n20/Q_20_seed_17.npy",
  "v_file": "/scratch/bs82/graphs/regular_graph/5_regular_graph_rank_2/n20/V_20_seed_17.npy"
}