{
  "n": 50,
  "seed": 17,
  "rank": 3,
  "precision": 32,
  "candidates_per_task": 10000,
  "best_score": 225.0,
  "time_seconds": 1807.2636320590973,
  "best_k": [
    0,
    1,
    0,
    2,
    1,
    0,
    2,
    2,
    2,
    1,
    0,
    2,
    0,
    2,
    1,
    0,
    2,
    0,
    0,
    0,
    1,
    1,
    0,
    0,
    1,
    1,
    0,
    0,
    0,
    0,
    2,
    2,
    2,
    0,
    0,
    2,
    1,
    2,
    2,
    2,
    2,
    1,
    0,
    2,
    0,
    2,
    1,
    2,
    1,
    0
  ],
  "best_z_real": [
    1.0,
    -0.5,
    1.0,
    -0.5,
    -0.5,
    1.0,
    -0.5,
    -0.5,
    -0.5,
    -0.5,
    1.0,
    -0.5,
    1.0,
    -0.5,
    -0.5,
    1.0,
    -0.5,
    1.0,
    1.0,
    1.0,
    -0.5,
    -0.5,
    1.0,
    1.0,
    -0.5,
    -0.5,
    1.0,
    1.0,
    1.0,
    1.0,
    -0.5,
    -0.5,
    -0.5,
    1.0,
    1.0,
    -0.5,
    -0.5,
    -0.5,
    -0.5,
    -0.5,
    -0.5,
    -0.5,
    1.0,
    -0.5,
    1.0,
    -0.5,
    -0.5,
    -0.5,
    -0.5,
    1.0
  ],
  "best_z_imag": [
    0.0,
    0.8660253882408142,
    0.0,
    -0.8660253882408142,
    0.8660253882408142,
    0.0,
    -0.8660253882408142,
    -0.8660253882408142,
    -0.8660253882408142,
    0.8660253882408142,
    0.0,
    -0.8660253882408142,
    0.0,
    -0.8660253882408142,
    0.8660253882408142,
    0.0,
    -0.8660253882408142,
    0.0,
    0.0,
    0.0,
    0.8660253882408142,
    0.8660253882408142,
    0.0,
    0.0,
    0.8660253882408142,
    0.8660253882408142,
    0.0,
    0.0,
    0.0,
    0.0,
    -0.8660253882408142,
    -0.8660253882408142,
    -0.8660253882408142,
    0.0,
    0.0,
    -0.8660253882408142,
    0.8660253882408142,
    -0.8660253882408142,
    -0.8660253882408142,
    -0.8660253882408142,
    -0.8660253882408142,
    0.8660253882408142,
    0.0,
    -0.8660253882408142,
    0.0,
    -0.8660253882408142,
    0.8660253882408142,
    -0.8660253882408142,
    0.8660253882408142,
    0.0
  ],
  "num_workers": 270,
  "q_file": "/scratch/bs82/graphs/regular_graph/3_regular_graph_rank_3/n50/Q_50_seed_17.npy",
  "v_file": "/scratch/bs82/graphs/regular_graph/3_regular_graph_rank_3/n50/V_50_seed_17.npy"
}