{
  "n": 20,
  "seed": 42,
  "rank": 2,
  "precision": 32,
  "candidates_per_task": 1000,
  "best_score": 351.0,
  "time_seconds": 0.5474176406860352,
  "best_k": [
    1,
    0,
    0,
    0,
    1,
    0,
    1,
    1,
    2,
    1,
    2,
    2,
    2,
    0,
    2,
    1,
    2,
    1,
    0,
    0
  ],
  "best_z_real": [
    -0.5,
    1.0,
    1.0,
    1.0,
    -0.5,
    1.0,
    -0.5,
    -0.5,
    -0.5,
    -0.5,
    -0.5,
    -0.5,
    -0.5,
    1.0,
    -0.5,
    -0.5,
    -0.5,
    -0.5,
    1.0,
    1.0
  ],
  "best_z_imag": [
    0.8660253882408142,
    0.0,
    0.0,
    0.0,
    0.8660253882408142,
    0.0,
    0.8660253882408142,
    0.8660253882408142,
    -0.8660253882408142,
    0.8660253882408142,
    -0.8660253882408142,
    -0.8660253882408142,
    -0.8660253882408142,
    0.0,
    -0.8660253882408142,
    0.8660253882408142,
    -0.8660253882408142,
    0.8660253882408142,
    0.0,
    0.0
  ],
  "num_workers": 480,
  "q_file": "/home/bs82/max-k-cut-parallel/graphs/erdos_renyi/rank_2/p075/n20/Q_20_seed_9.npy",
  "v_file": "/home/bs82/max-k-cut-parallel/graphs/erdos_renyi/rank_2/p075/n20/V_20_seed_9.npy"
}