{
  "n": 20,
  "seed": 10,
  "rank": 2,
  "precision": 32,
  "candidates_per_task": 1000,
  "best_score": 123.0,
  "time_seconds": 0.45351314544677734,
  "best_k": [
    2,
    2,
    1,
    0,
    1,
    1,
    2,
    0,
    1,
    0,
    0,
    1,
    1,
    0,
    1,
    2,
    2,
    1,
    0,
    2
  ],
  "best_z_real": [
    -0.5,
    -0.5,
    -0.5,
    1.0,
    -0.5,
    -0.5,
    -0.5,
    1.0,
    -0.5,
    1.0,
    1.0,
    -0.5,
    -0.5,
    1.0,
    -0.5,
    -0.5,
    -0.5,
    -0.5,
    1.0,
    -0.5
  ],
  "best_z_imag": [
    -0.8660253882408142,
    -0.8660253882408142,
    0.8660253882408142,
    0.0,
    0.8660253882408142,
    0.8660253882408142,
    -0.8660253882408142,
    0.0,
    0.8660253882408142,
    0.0,
    0.0,
    0.8660253882408142,
    0.8660253882408142,
    0.0,
    0.8660253882408142,
    -0.8660253882408142,
    -0.8660253882408142,
    0.8660253882408142,
    0.0,
    -0.8660253882408142
  ],
  "num_workers": 400,
  "q_file": "/scratch/bs82/graphs/erdos_renyi/rank_2/p025/n20/Q_20_seed_10.npy",
  "v_file": "/scratch/bs82/graphs/erdos_renyi/rank_2/p025/n20/V_20_seed_10.npy"
}