{
  "rank": 3,
  "precision": 32,
  "candidates_per_task": 50000,
  "best_score": 825.0,
  "time_seconds": 1233.2811863422394,
  "best_k": [
    0,
    1,
    0,
    0,
    2,
    0,
    2,
    1,
    0,
    0,
    2,
    0,
    1,
    2,
    2,
    0,
    1,
    2,
    2,
    0,
    2,
    2,
    2,
    0,
    1,
    2,
    2,
    2,
    1,
    0,
    0,
    2,
    1,
    0,
    2,
    0,
    1,
    0,
    1,
    1,
    1,
    2,
    2,
    2,
    1,
    0,
    1,
    0,
    2,
    1
  ],
  "best_z_real": [
    1.0,
    -0.5,
    1.0,
    1.0,
    -0.5,
    1.0,
    -0.5,
    -0.5,
    1.0,
    1.0,
    -0.5,
    1.0,
    -0.5,
    -0.5,
    -0.5,
    1.0,
    -0.5,
    -0.5,
    -0.5,
    1.0,
    -0.5,
    -0.5,
    -0.5,
    1.0,
    -0.5,
    -0.5,
    -0.5,
    -0.5,
    -0.5,
    1.0,
    1.0,
    -0.5,
    -0.5,
    1.0,
    -0.5,
    1.0,
    -0.5,
    1.0,
    -0.5,
    -0.5,
    -0.5,
    -0.5,
    -0.5,
    -0.5,
    -0.5,
    1.0,
    -0.5,
    1.0,
    -0.5,
    -0.5
  ],
  "best_z_imag": [
    0.0,
    0.8660253882408142,
    0.0,
    0.0,
    -0.8660253882408142,
    0.0,
    -0.8660253882408142,
    0.8660253882408142,
    0.0,
    0.0,
    -0.8660253882408142,
    0.0,
    0.8660253882408142,
    -0.8660253882408142,
    -0.8660253882408142,
    0.0,
    0.8660253882408142,
    -0.8660253882408142,
    -0.8660253882408142,
    0.0,
    -0.8660253882408142,
    -0.8660253882408142,
    -0.8660253882408142,
    0.0,
    0.8660253882408142,
    -0.8660253882408142,
    -0.8660253882408142,
    -0.8660253882408142,
    0.8660253882408142,
    0.0,
    0.0,
    -0.8660253882408142,
    0.8660253882408142,
    0.0,
    -0.8660253882408142,
    0.0,
    0.8660253882408142,
    0.0,
    0.8660253882408142,
    0.8660253882408142,
    0.8660253882408142,
    -0.8660253882408142,
    -0.8660253882408142,
    -0.8660253882408142,
    0.8660253882408142,
    0.0,
    0.8660253882408142,
    0.0,
    -0.8660253882408142,
    0.8660253882408142
  ],
  "num_workers": 400,
  "q_file": "/scratch/bs82/graphs/erdos_renyi/rank_3/p025/n50/Q_50_seed_11.npy",
  "v_file": "/scratch/bs82/graphs/erdos_renyi/rank_3/p025/n50/V_50_seed_11.npy"
}