{
  "rank": 3,
  "precision": 32,
  "candidates_per_task": 50000,
  "best_score": 2025.0,
  "time_seconds": 1442.264174938202,
  "best_k": [
    1,
    1,
    2,
    0,
    2,
    1,
    0,
    1,
    2,
    2,
    1,
    0,
    1,
    1,
    0,
    1,
    0,
    1,
    1,
    2,
    2,
    1,
    0,
    2,
    2,
    0,
    2,
    1,
    0,
    0,
    1,
    2,
    1,
    2,
    2,
    0,
    2,
    0,
    0,
    2,
    0,
    0,
    1,
    1,
    0,
    1,
    2,
    0,
    2,
    2
  ],
  "best_z_real": [
    -0.5,
    -0.5,
    -0.5,
    1.0,
    -0.5,
    -0.5,
    1.0,
    -0.5,
    -0.5,
    -0.5,
    -0.5,
    1.0,
    -0.5,
    -0.5,
    1.0,
    -0.5,
    1.0,
    -0.5,
    -0.5,
    -0.5,
    -0.5,
    -0.5,
    1.0,
    -0.5,
    -0.5,
    1.0,
    -0.5,
    -0.5,
    1.0,
    1.0,
    -0.5,
    -0.5,
    -0.5,
    -0.5,
    -0.5,
    1.0,
    -0.5,
    1.0,
    1.0,
    -0.5,
    1.0,
    1.0,
    -0.5,
    -0.5,
    1.0,
    -0.5,
    -0.5,
    1.0,
    -0.5,
    -0.5
  ],
  "best_z_imag": [
    0.8660253882408142,
    0.8660253882408142,
    -0.8660253882408142,
    0.0,
    -0.8660253882408142,
    0.8660253882408142,
    0.0,
    0.8660253882408142,
    -0.8660253882408142,
    -0.8660253882408142,
    0.8660253882408142,
    0.0,
    0.8660253882408142,
    0.8660253882408142,
    0.0,
    0.8660253882408142,
    0.0,
    0.8660253882408142,
    0.8660253882408142,
    -0.8660253882408142,
    -0.8660253882408142,
    0.8660253882408142,
    0.0,
    -0.8660253882408142,
    -0.8660253882408142,
    0.0,
    -0.8660253882408142,
    0.8660253882408142,
    0.0,
    0.0,
    0.8660253882408142,
    -0.8660253882408142,
    0.8660253882408142,
    -0.8660253882408142,
    -0.8660253882408142,
    0.0,
    -0.8660253882408142,
    0.0,
    0.0,
    -0.8660253882408142,
    0.0,
    0.0,
    0.8660253882408142,
    0.8660253882408142,
    0.0,
    0.8660253882408142,
    -0.8660253882408142,
    0.0,
    -0.8660253882408142,
    -0.8660253882408142
  ],
  "num_workers": 400,
  "q_file": "/scratch/bs82/graphs/075_batch3/Q_50_seed_15.npy",
  "v_file": "/scratch/bs82/graphs/075_batch3/V_50_seed_15.npy"
}