{
  "n": 20,
  "seed": 5,
  "rank": 3,
  "precision": 32,
  "candidates_per_task": 10000,
  "best_score": 90.0,
  "time_seconds": 19.850217580795288,
  "best_k": [
    2,
    0,
    1,
    0,
    1,
    1,
    2,
    2,
    2,
    2,
    0,
    0,
    0,
    0,
    1,
    2,
    0,
    2,
    0,
    1
  ],
  "best_z_real": [
    -0.5,
    1.0,
    -0.5,
    1.0,
    -0.5,
    -0.5,
    -0.5,
    -0.5,
    -0.5,
    -0.5,
    1.0,
    1.0,
    1.0,
    1.0,
    -0.5,
    -0.5,
    1.0,
    -0.5,
    1.0,
    -0.5
  ],
  "best_z_imag": [
    -0.8660253882408142,
    0.0,
    0.8660253882408142,
    0.0,
    0.8660253882408142,
    0.8660253882408142,
    -0.8660253882408142,
    -0.8660253882408142,
    -0.8660253882408142,
    -0.8660253882408142,
    0.0,
    0.0,
    0.0,
    0.0,
    0.8660253882408142,
    -0.8660253882408142,
    0.0,
    -0.8660253882408142,
    0.0,
    0.8660253882408142
  ],
  "num_workers": 480,
  "q_file": "/scratch/bs82/graphs/regular_graph/3_regular_graph_rank_3/n20/Q_20_seed_5.npy",
  "v_file": "/scratch/bs82/graphs/regular_graph/3_regular_graph_rank_3/n20/V_20_seed_5.npy"
}