{
  "n": 20,
  "seed": 42,
  "rank": 2,
  "precision": 32,
  "candidates_per_task": 1000,
  "best_score": 51.0,
  "time_seconds": 0.20383644104003906,
  "best_k": [
    1,
    2,
    1,
    2,
    1,
    1,
    2,
    1,
    1,
    2,
    1,
    1,
    0,
    2,
    2,
    0,
    0,
    2,
    0,
    2
  ],
  "best_z_real": [
    -0.4999999999999998,
    -0.5000000000000004,
    -0.4999999999999998,
    -0.5000000000000004,
    -0.4999999999999998,
    -0.4999999999999998,
    -0.5000000000000004,
    -0.4999999999999998,
    -0.4999999999999998,
    -0.5000000000000004,
    -0.4999999999999998,
    -0.4999999999999998,
    1.0,
    -0.5000000000000004,
    -0.5000000000000004,
    1.0,
    1.0,
    -0.5000000000000004,
    1.0,
    -0.5000000000000004
  ],
  "best_z_imag": [
    0.8660254037844387,
    -0.8660254037844384,
    0.8660254037844387,
    -0.8660254037844384,
    0.8660254037844387,
    0.8660254037844387,
    -0.8660254037844384,
    0.8660254037844387,
    0.8660254037844387,
    -0.8660254037844384,
    0.8660254037844387,
    0.8660254037844387,
    0.0,
    -0.8660254037844384,
    -0.8660254037844384,
    0.0,
    0.0,
    -0.8660254037844384,
    0.0,
    -0.8660254037844384
  ],
  "num_workers": 480,
  "q_file": "/home/bs82/max-k-cut-parallel/graphs/erdos_renyi/rank_2/p01/n20/Q_20_seed_19.npy",
  "v_file": "/home/bs82/max-k-cut-parallel/graphs/erdos_renyi/rank_2/p01/n20/V_20_seed_19.npy"
}