{
  "n": 20,
  "seed": 3,
  "rank": 2,
  "precision": 32,
  "candidates_per_task": 1000,
  "best_score": 57.0,
  "time_seconds": 0.37657642364501953,
  "best_k": [
    1,
    1,
    1,
    0,
    0,
    1,
    0,
    0,
    0,
    1,
    1,
    1,
    1,
    0,
    1,
    1,
    0,
    1,
    1,
    0
  ],
  "best_z_real": [
    -0.5,
    -0.5,
    -0.5,
    1.0,
    1.0,
    -0.5,
    1.0,
    1.0,
    1.0,
    -0.5,
    -0.5,
    -0.5,
    -0.5,
    1.0,
    -0.5,
    -0.5,
    1.0,
    -0.5,
    -0.5,
    1.0
  ],
  "best_z_imag": [
    0.8660253882408142,
    0.8660253882408142,
    0.8660253882408142,
    0.0,
    0.0,
    0.8660253882408142,
    0.0,
    0.0,
    0.0,
    0.8660253882408142,
    0.8660253882408142,
    0.8660253882408142,
    0.8660253882408142,
    0.0,
    0.8660253882408142,
    0.8660253882408142,
    0.0,
    0.8660253882408142,
    0.8660253882408142,
    0.0
  ],
  "num_workers": 320,
  "q_file": "/scratch/bs82/graphs/erdos_renyi/rank_2/p01/n20/Q_20_seed_3.npy",
  "v_file": "/scratch/bs82/graphs/erdos_renyi/rank_2/p01/n20/V_20_seed_3.npy"
}