{
  "n": 20,
  "seed": 5,
  "rank": 2,
  "precision": 32,
  "candidates_per_task": 1000,
  "best_score": 54.0,
  "time_seconds": 0.3346991539001465,
  "best_k": [
    1,
    1,
    2,
    0,
    1,
    2,
    1,
    2,
    2,
    2,
    2,
    1,
    2,
    0,
    1,
    1,
    2,
    2,
    2,
    2
  ],
  "best_z_real": [
    -0.5,
    -0.5,
    -0.5,
    1.0,
    -0.5,
    -0.5,
    -0.5,
    -0.5,
    -0.5,
    -0.5,
    -0.5,
    -0.5,
    -0.5,
    1.0,
    -0.5,
    -0.5,
    -0.5,
    -0.5,
    -0.5,
    -0.5
  ],
  "best_z_imag": [
    0.8660253882408142,
    0.8660253882408142,
    -0.8660253882408142,
    0.0,
    0.8660253882408142,
    -0.8660253882408142,
    0.8660253882408142,
    -0.8660253882408142,
    -0.8660253882408142,
    -0.8660253882408142,
    -0.8660253882408142,
    0.8660253882408142,
    -0.8660253882408142,
    0.0,
    0.8660253882408142,
    0.8660253882408142,
    -0.8660253882408142,
    -0.8660253882408142,
    -0.8660253882408142,
    -0.8660253882408142
  ],
  "num_workers": 320,
  "q_file": "/scratch/bs82/graphs/erdos_renyi/rank_2/p01/n20/Q_20_seed_5.npy",
  "v_file": "/scratch/bs82/graphs/erdos_renyi/rank_2/p01/n20/V_20_seed_5.npy"
}