{
  "n": 50,
  "seed": 42,
  "rank": 1,
  "precision": 32,
  "candidates_per_task": 10,
  "best_l": 30,
  "best_score": 210.0,
  "time_seconds": 0.13132739067077637,
  "best_k": [
    2,
    2,
    2,
    1,
    1,
    2,
    0,
    2,
    1,
    2,
    1,
    0,
    1,
    2,
    2,
    2,
    2,
    2,
    0,
    0,
    0,
    2,
    2,
    2,
    0,
    0,
    0,
    2,
    0,
    0,
    0,
    2,
    2,
    2,
    2,
    0,
    2,
    0,
    0,
    2,
    2,
    0,
    2,
    0,
    0,
    0,
    2,
    0,
    0,
    2
  ],
  "best_z_real": [
    -0.5000000000000004,
    -0.5000000000000004,
    -0.5000000000000004,
    -0.4999999999999998,
    -0.4999999999999998,
    -0.5000000000000004,
    1.0,
    -0.5000000000000004,
    -0.4999999999999998,
    -0.5000000000000004,
    -0.4999999999999998,
    1.0,
    -0.4999999999999998,
    -0.5000000000000004,
    -0.5000000000000004,
    -0.5000000000000004,
    -0.5000000000000004,
    -0.5000000000000004,
    1.0,
    1.0,
    1.0,
    -0.5000000000000004,
    -0.5000000000000004,
    -0.5000000000000004,
    1.0,
    1.0,
    1.0,
    -0.5000000000000004,
    1.0,
    1.0,
    1.0,
    -0.5000000000000004,
    -0.5000000000000004,
    -0.5000000000000004,
    -0.5000000000000004,
    1.0,
    -0.5000000000000004,
    1.0,
    1.0,
    -0.5000000000000004,
    -0.5000000000000004,
    1.0,
    -0.5000000000000004,
    1.0,
    1.0,
    1.0,
    -0.5000000000000004,
    1.0,
    1.0,
    -0.5000000000000004
  ],
  "best_z_imag": [
    -0.8660254037844384,
    -0.8660254037844384,
    -0.8660254037844384,
    0.8660254037844387,
    0.8660254037844387,
    -0.8660254037844384,
    0.0,
    -0.8660254037844384,
    0.8660254037844387,
    -0.8660254037844384,
    0.8660254037844387,
    0.0,
    0.8660254037844387,
    -0.8660254037844384,
    -0.8660254037844384,
    -0.8660254037844384,
    -0.8660254037844384,
    -0.8660254037844384,
    0.0,
    0.0,
    0.0,
    -0.8660254037844384,
    -0.8660254037844384,
    -0.8660254037844384,
    0.0,
    0.0,
    0.0,
    -0.8660254037844384,
    0.0,
    0.0,
    0.0,
    -0.8660254037844384,
    -0.8660254037844384,
    -0.8660254037844384,
    -0.8660254037844384,
    0.0,
    -0.8660254037844384,
    0.0,
    0.0,
    -0.8660254037844384,
    -0.8660254037844384,
    0.0,
    -0.8660254037844384,
    0.0,
    0.0,
    0.0,
    -0.8660254037844384,
    0.0,
    0.0,
    -0.8660254037844384
  ],
  "num_workers": 208
}