{
  "n": 20,
  "seed": 17,
  "rank": 3,
  "precision": 32,
  "candidates_per_task": 10000,
  "best_score": 324.0,
  "time_seconds": 15.654092788696289,
  "best_k": [
    1,
    1,
    0,
    1,
    2,
    2,
    2,
    2,
    0,
    0,
    1,
    2,
    0,
    0,
    2,
    0,
    1,
    1,
    1,
    0
  ],
  "best_z_real": [
    -0.5,
    -0.5,
    1.0,
    -0.5,
    -0.5,
    -0.5,
    -0.5,
    -0.5,
    1.0,
    1.0,
    -0.5,
    -0.5,
    1.0,
    1.0,
    -0.5,
    1.0,
    -0.5,
    -0.5,
    -0.5,
    1.0
  ],
  "best_z_imag": [
    0.8660253882408142,
    0.8660253882408142,
    0.0,
    0.8660253882408142,
    -0.8660253882408142,
    -0.8660253882408142,
    -0.8660253882408142,
    -0.8660253882408142,
    0.0,
    0.0,
    0.8660253882408142,
    -0.8660253882408142,
    0.0,
    0.0,
    -0.8660253882408142,
    0.0,
    0.8660253882408142,
    0.8660253882408142,
    0.8660253882408142,
    0.0
  ],
  "num_workers": 320,
  "q_file": "/scratch/bs82/graphs/erdos_renyi/rank_3/p075/n20/Q_20_seed_17.npy",
  "v_file": "/scratch/bs82/graphs/erdos_renyi/rank_3/p075/n20/V_20_seed_17.npy"
}