{
  "rank": 1,
  "precision": 32,
  "candidates_per_task": 10,
  "best_score": 288.0,
  "time_seconds": 0.003108978271484375,
  "best_k": [
    1,
    1,
    1,
    1,
    1,
    1,
    1,
    1,
    1,
    0,
    0,
    0,
    0,
    0,
    0,
    2,
    0,
    0,
    0,
    0
  ],
  "best_z_real": [
    -0.4999999999999998,
    -0.4999999999999998,
    -0.4999999999999998,
    -0.4999999999999998,
    -0.4999999999999998,
    -0.4999999999999998,
    -0.4999999999999998,
    -0.4999999999999998,
    -0.4999999999999998,
    1.0,
    1.0,
    1.0,
    1.0,
    1.0,
    1.0,
    -0.5000000000000004,
    1.0,
    1.0,
    1.0,
    1.0
  ],
  "best_z_imag": [
    0.8660254037844387,
    0.8660254037844387,
    0.8660254037844387,
    0.8660254037844387,
    0.8660254037844387,
    0.8660254037844387,
    0.8660254037844387,
    0.8660254037844387,
    0.8660254037844387,
    0.0,
    0.0,
    0.0,
    0.0,
    0.0,
    0.0,
    -0.8660254037844384,
    0.0,
    0.0,
    0.0,
    0.0
  ],
  "num_workers": 70,
  "q_file": "/scratch/bs82/graphs/erdos_renyi/rank_1/p09/n20/Q_20_seed_12.npy",
  "v_file": "/scratch/bs82/graphs/erdos_renyi/rank_1/p09/n20/V_20_seed_12.npy",
  "best_l": 10
}