{
  "n": 20,
  "seed": 8,
  "rank": 2,
  "precision": 32,
  "candidates_per_task": 1000,
  "best_score": 90.0,
  "time_seconds": 0.4417877197265625,
  "best_k": [
    0,
    2,
    1,
    2,
    2,
    1,
    2,
    1,
    0,
    1,
    1,
    2,
    0,
    1,
    2,
    1,
    2,
    0,
    0,
    2
  ],
  "best_z_real": [
    1.0,
    -0.5,
    -0.5,
    -0.5,
    -0.5,
    -0.5,
    -0.5,
    -0.5,
    1.0,
    -0.5,
    -0.5,
    -0.5,
    1.0,
    -0.5,
    -0.5,
    -0.5,
    -0.5,
    1.0,
    1.0,
    -0.5
  ],
  "best_z_imag": [
    0.0,
    -0.8660253882408142,
    0.8660253882408142,
    -0.8660253882408142,
    -0.8660253882408142,
    0.8660253882408142,
    -0.8660253882408142,
    0.8660253882408142,
    0.0,
    0.8660253882408142,
    0.8660253882408142,
    -0.8660253882408142,
    0.0,
    0.8660253882408142,
    -0.8660253882408142,
    0.8660253882408142,
    -0.8660253882408142,
    0.0,
    0.0,
    -0.8660253882408142
  ],
  "num_workers": 400,
  "q_file": "/scratch/bs82/graphs/regular_graph/3_regular_graph_rank_2/n20/Q_20_seed_8.npy",
  "v_file": "/scratch/bs82/graphs/regular_graph/3_regular_graph_rank_2/n20/V_20_seed_8.npy"
}