{
  "n": 50,
  "seed": 13,
  "rank": 2,
  "precision": 32,
  "candidates_per_task": 1000,
  "best_score": 363.0,
  "time_seconds": 1.7470238208770752,
  "best_k": [
    1,
    1,
    1,
    2,
    1,
    1,
    0,
    1,
    0,
    1,
    2,
    0,
    0,
    1,
    0,
    2,
    0,
    1,
    2,
    0,
    0,
    2,
    1,
    2,
    2,
    2,
    1,
    0,
    0,
    0,
    0,
    1,
    0,
    0,
    2,
    2,
    2,
    0,
    2,
    2,
    2,
    2,
    1,
    1,
    1,
    2,
    0,
    2,
    0,
    0
  ],
  "best_z_real": [
    -0.5,
    -0.5,
    -0.5,
    -0.5,
    -0.5,
    -0.5,
    1.0,
    -0.5,
    1.0,
    -0.5,
    -0.5,
    1.0,
    1.0,
    -0.5,
    1.0,
    -0.5,
    1.0,
    -0.5,
    -0.5,
    1.0,
    1.0,
    -0.5,
    -0.5,
    -0.5,
    -0.5,
    -0.5,
    -0.5,
    1.0,
    1.0,
    1.0,
    1.0,
    -0.5,
    1.0,
    1.0,
    -0.5,
    -0.5,
    -0.5,
    1.0,
    -0.5,
    -0.5,
    -0.5,
    -0.5,
    -0.5,
    -0.5,
    -0.5,
    -0.5,
    1.0,
    -0.5,
    1.0,
    1.0
  ],
  "best_z_imag": [
    0.8660253882408142,
    0.8660253882408142,
    0.8660253882408142,
    -0.8660253882408142,
    0.8660253882408142,
    0.8660253882408142,
    0.0,
    0.8660253882408142,
    0.0,
    0.8660253882408142,
    -0.8660253882408142,
    0.0,
    0.0,
    0.8660253882408142,
    0.0,
    -0.8660253882408142,
    0.0,
    0.8660253882408142,
    -0.8660253882408142,
    0.0,
    0.0,
    -0.8660253882408142,
    0.8660253882408142,
    -0.8660253882408142,
    -0.8660253882408142,
    -0.8660253882408142,
    0.8660253882408142,
    0.0,
    0.0,
    0.0,
    0.0,
    0.8660253882408142,
    0.0,
    0.0,
    -0.8660253882408142,
    -0.8660253882408142,
    -0.8660253882408142,
    0.0,
    -0.8660253882408142,
    -0.8660253882408142,
    -0.8660253882408142,
    -0.8660253882408142,
    0.8660253882408142,
    0.8660253882408142,
    0.8660253882408142,
    -0.8660253882408142,
    0.0,
    -0.8660253882408142,
    0.0,
    0.0
  ],
  "num_workers": 400,
  "q_file": "/scratch/bs82/graphs/regular_graph/5_regular_graph_rank_2/n50/Q_50_seed_13.npy",
  "v_file": "/scratch/bs82/graphs/regular_graph/5_regular_graph_rank_2/n50/V_50_seed_13.npy"
}