{
  "rank": 3,
  "precision": 32,
  "candidates_per_task": 10000,
  "best_score": 120.0,
  "time_seconds": 25.998050928115845,
  "best_k": [
    0,
    1,
    1,
    1,
    0,
    2,
    1,
    2,
    2,
    0,
    2,
    0,
    2,
    0,
    0,
    2,
    2,
    1,
    0,
    1
  ],
  "best_z_real": [
    1.0,
    -0.5,
    -0.5,
    -0.5,
    1.0,
    -0.5,
    -0.5,
    -0.5,
    -0.5,
    1.0,
    -0.5,
    1.0,
    -0.5,
    1.0,
    1.0,
    -0.5,
    -0.5,
    -0.5,
    1.0,
    -0.5
  ],
  "best_z_imag": [
    0.0,
    0.8660253882408142,
    0.8660253882408142,
    0.8660253882408142,
    0.0,
    -0.8660253882408142,
    0.8660253882408142,
    -0.8660253882408142,
    -0.8660253882408142,
    0.0,
    -0.8660253882408142,
    0.0,
    -0.8660253882408142,
    0.0,
    0.0,
    -0.8660253882408142,
    -0.8660253882408142,
    0.8660253882408142,
    0.0,
    0.8660253882408142
  ],
  "num_workers": 210,
  "q_file": "/scratch/bs82/graphs/regular_graph/4_regular_graph_rank_3/n20/Q_20_seed_13.npy",
  "v_file": "/scratch/bs82/graphs/regular_graph/4_regular_graph_rank_3/n20/V_20_seed_13.npy"
}