{
  "n": 100,
  "seed": 42,
  "rank": 2,
  "precision": 32,
  "candidates_per_task": 10000,
  "best_score": 5436.0,
  "time_seconds": 16.336336851119995,
  "best_k": [
    2,
    0,
    1,
    1,
    1,
    2,
    1,
    1,
    1,
    0,
    1,
    2,
    0,
    1,
    1,
    0,
    0,
    1,
    2,
    0,
    1,
    0,
    1,
    0,
    2,
    2,
    2,
    2,
    0,
    0,
    2,
    0,
    2,
    0,
    2,
    0,
    1,
    0,
    1,
    2,
    0,
    2,
    0,
    1,
    0,
    2,
    2,
    0,
    1,
    0,
    1,
    1,
    1,
    2,
    2,
    2,
    0,
    0,
    0,
    2,
    2,
    2,
    0,
    2,
    2,
    1,
    0,
    0,
    0,
    2,
    1,
    1,
    1,
    1,
    1,
    0,
    1,
    2,
    1,
    2,
    1,
    0,
    1,
    1,
    1,
    0,
    2,
    1,
    0,
    2,
    0,
    1,
    0,
    2,
    2,
    2,
    1,
    2,
    0,
    1
  ],
  "best_z_real": [
    -0.5,
    1.0,
    -0.5,
    -0.5,
    -0.5,
    -0.5,
    -0.5,
    -0.5,
    -0.5,
    1.0,
    -0.5,
    -0.5,
    1.0,
    -0.5,
    -0.5,
    1.0,
    1.0,
    -0.5,
    -0.5,
    1.0,
    -0.5,
    1.0,
    -0.5,
    1.0,
    -0.5,
    -0.5,
    -0.5,
    -0.5,
    1.0,
    1.0,
    -0.5,
    1.0,
    -0.5,
    1.0,
    -0.5,
    1.0,
    -0.5,
    1.0,
    -0.5,
    -0.5,
    1.0,
    -0.5,
    1.0,
    -0.5,
    1.0,
    -0.5,
    -0.5,
    1.0,
    -0.5,
    1.0,
    -0.5,
    -0.5,
    -0.5,
    -0.5,
    -0.5,
    -0.5,
    1.0,
    1.0,
    1.0,
    -0.5,
    -0.5,
    -0.5,
    1.0,
    -0.5,
    -0.5,
    -0.5,
    1.0,
    1.0,
    1.0,
    -0.5,
    -0.5,
    -0.5,
    -0.5,
    -0.5,
    -0.5,
    1.0,
    -0.5,
    -0.5,
    -0.5,
    -0.5,
    -0.5,
    1.0,
    -0.5,
    -0.5,
    -0.5,
    1.0,
    -0.5,
    -0.5,
    1.0,
    -0.5,
    1.0,
    -0.5,
    1.0,
    -0.5,
    -0.5,
    -0.5,
    -0.5,
    -0.5,
    1.0,
    -0.5
  ],
  "best_z_imag": [
    -0.8660253882408142,
    0.0,
    0.8660253882408142,
    0.8660253882408142,
    0.8660253882408142,
    -0.8660253882408142,
    0.8660253882408142,
    0.8660253882408142,
    0.8660253882408142,
    0.0,
    0.8660253882408142,
    -0.8660253882408142,
    0.0,
    0.8660253882408142,
    0.8660253882408142,
    0.0,
    0.0,
    0.8660253882408142,
    -0.8660253882408142,
    0.0,
    0.8660253882408142,
    0.0,
    0.8660253882408142,
    0.0,
    -0.8660253882408142,
    -0.8660253882408142,
    -0.8660253882408142,
    -0.8660253882408142,
    0.0,
    0.0,
    -0.8660253882408142,
    0.0,
    -0.8660253882408142,
    0.0,
    -0.8660253882408142,
    0.0,
    0.8660253882408142,
    0.0,
    0.8660253882408142,
    -0.8660253882408142,
    0.0,
    -0.8660253882408142,
    0.0,
    0.8660253882408142,
    0.0,
    -0.8660253882408142,
    -0.8660253882408142,
    0.0,
    0.8660253882408142,
    0.0,
    0.8660253882408142,
    0.8660253882408142,
    0.8660253882408142,
    -0.8660253882408142,
    -0.8660253882408142,
    -0.8660253882408142,
    0.0,
    0.0,
    0.0,
    -0.8660253882408142,
    -0.8660253882408142,
    -0.8660253882408142,
    0.0,
    -0.8660253882408142,
    -0.8660253882408142,
    0.8660253882408142,
    0.0,
    0.0,
    0.0,
    -0.8660253882408142,
    0.8660253882408142,
    0.8660253882408142,
    0.8660253882408142,
    0.8660253882408142,
    0.8660253882408142,
    0.0,
    0.8660253882408142,
    -0.8660253882408142,
    0.8660253882408142,
    -0.8660253882408142,
    0.8660253882408142,
    0.0,
    0.8660253882408142,
    0.8660253882408142,
    0.8660253882408142,
    0.0,
    -0.8660253882408142,
    0.8660253882408142,
    0.0,
    -0.8660253882408142,
    0.0,
    0.8660253882408142,
    0.0,
    -0.8660253882408142,
    -0.8660253882408142,
    -0.8660253882408142,
    0.8660253882408142,
    -0.8660253882408142,
    0.0,
    0.8660253882408142
  ],
  "num_workers": 480,
  "q_file": "/home/bs82/max-k-cut-parallel/graphs/erdos_renyi/rank_2/p05/n100/Q_100_seed_3.npy",
  "v_file": "/home/bs82/max-k-cut-parallel/graphs/erdos_renyi/rank_2/p05/n100/V_100_seed_3.npy"
}