{
  "n": 50,
  "seed": 2,
  "rank": 2,
  "precision": 32,
  "candidates_per_task": 1000,
  "best_score": 321.0,
  "time_seconds": 1.9017179012298584,
  "best_k": [
    1,
    1,
    2,
    2,
    2,
    2,
    1,
    2,
    0,
    2,
    1,
    0,
    1,
    2,
    0,
    2,
    2,
    2,
    1,
    0,
    0,
    2,
    2,
    2,
    0,
    0,
    2,
    1,
    1,
    2,
    0,
    1,
    0,
    1,
    2,
    1,
    0,
    1,
    2,
    2,
    2,
    1,
    0,
    2,
    2,
    1,
    2,
    0,
    1,
    2
  ],
  "best_z_real": [
    -0.5,
    -0.5,
    -0.5,
    -0.5,
    -0.5,
    -0.5,
    -0.5,
    -0.5,
    1.0,
    -0.5,
    -0.5,
    1.0,
    -0.5,
    -0.5,
    1.0,
    -0.5,
    -0.5,
    -0.5,
    -0.5,
    1.0,
    1.0,
    -0.5,
    -0.5,
    -0.5,
    1.0,
    1.0,
    -0.5,
    -0.5,
    -0.5,
    -0.5,
    1.0,
    -0.5,
    1.0,
    -0.5,
    -0.5,
    -0.5,
    1.0,
    -0.5,
    -0.5,
    -0.5,
    -0.5,
    -0.5,
    1.0,
    -0.5,
    -0.5,
    -0.5,
    -0.5,
    1.0,
    -0.5,
    -0.5
  ],
  "best_z_imag": [
    0.8660253882408142,
    0.8660253882408142,
    -0.8660253882408142,
    -0.8660253882408142,
    -0.8660253882408142,
    -0.8660253882408142,
    0.8660253882408142,
    -0.8660253882408142,
    0.0,
    -0.8660253882408142,
    0.8660253882408142,
    0.0,
    0.8660253882408142,
    -0.8660253882408142,
    0.0,
    -0.8660253882408142,
    -0.8660253882408142,
    -0.8660253882408142,
    0.8660253882408142,
    0.0,
    0.0,
    -0.8660253882408142,
    -0.8660253882408142,
    -0.8660253882408142,
    0.0,
    0.0,
    -0.8660253882408142,
    0.8660253882408142,
    0.8660253882408142,
    -0.8660253882408142,
    0.0,
    0.8660253882408142,
    0.0,
    0.8660253882408142,
    -0.8660253882408142,
    0.8660253882408142,
    0.0,
    0.8660253882408142,
    -0.8660253882408142,
    -0.8660253882408142,
    -0.8660253882408142,
    0.8660253882408142,
    0.0,
    -0.8660253882408142,
    -0.8660253882408142,
    0.8660253882408142,
    -0.8660253882408142,
    0.0,
    0.8660253882408142,
    -0.8660253882408142
  ],
  "num_workers": 400,
  "q_file": "/scratch/bs82/graphs/erdos_renyi/rank_2/p01/n50/Q_50_seed_2.npy",
  "v_file": "/scratch/bs82/graphs/erdos_renyi/rank_2/p01/n50/V_50_seed_2.npy"
}