{
  "n": 50,
  "seed": 19,
  "rank": 1,
  "precision": 32,
  "candidates_per_task": 10,
  "best_score": 1998.0,
  "time_seconds": 0.005312681198120117,
  "best_k": [
    0,
    2,
    0,
    2,
    2,
    2,
    0,
    0,
    0,
    2,
    0,
    0,
    2,
    2,
    0,
    0,
    0,
    0,
    1,
    0,
    2,
    2,
    2,
    0,
    2,
    2,
    2,
    0,
    0,
    2,
    0,
    2,
    1,
    0,
    0,
    1,
    1,
    1,
    0,
    1,
    1,
    0,
    1,
    1,
    1,
    1,
    0,
    1,
    1,
    1
  ],
  "best_z_real": [
    1.0,
    -0.5000000000000004,
    1.0,
    -0.5000000000000004,
    -0.5000000000000004,
    -0.5000000000000004,
    1.0,
    1.0,
    1.0,
    -0.5000000000000004,
    1.0,
    1.0,
    -0.5000000000000004,
    -0.5000000000000004,
    1.0,
    1.0,
    1.0,
    1.0,
    -0.4999999999999998,
    1.0,
    -0.5000000000000004,
    -0.5000000000000004,
    -0.5000000000000004,
    1.0,
    -0.5000000000000004,
    -0.5000000000000004,
    -0.5000000000000004,
    1.0,
    1.0,
    -0.5000000000000004,
    1.0,
    -0.5000000000000004,
    -0.4999999999999998,
    1.0,
    1.0,
    -0.4999999999999998,
    -0.4999999999999998,
    -0.4999999999999998,
    1.0,
    -0.4999999999999998,
    -0.4999999999999998,
    1.0,
    -0.4999999999999998,
    -0.4999999999999998,
    -0.4999999999999998,
    -0.4999999999999998,
    1.0,
    -0.4999999999999998,
    -0.4999999999999998,
    -0.4999999999999998
  ],
  "best_z_imag": [
    0.0,
    -0.8660254037844384,
    0.0,
    -0.8660254037844384,
    -0.8660254037844384,
    -0.8660254037844384,
    0.0,
    0.0,
    0.0,
    -0.8660254037844384,
    0.0,
    0.0,
    -0.8660254037844384,
    -0.8660254037844384,
    0.0,
    0.0,
    0.0,
    0.0,
    0.8660254037844387,
    0.0,
    -0.8660254037844384,
    -0.8660254037844384,
    -0.8660254037844384,
    0.0,
    -0.8660254037844384,
    -0.8660254037844384,
    -0.8660254037844384,
    0.0,
    0.0,
    -0.8660254037844384,
    0.0,
    -0.8660254037844384,
    0.8660254037844387,
    0.0,
    0.0,
    0.8660254037844387,
    0.8660254037844387,
    0.8660254037844387,
    0.0,
    0.8660254037844387,
    0.8660254037844387,
    0.0,
    0.8660254037844387,
    0.8660254037844387,
    0.8660254037844387,
    0.8660254037844387,
    0.0,
    0.8660254037844387,
    0.8660254037844387,
    0.8660254037844387
  ],
  "num_workers": 400,
  "q_file": "/scratch/bs82/graphs/erdos_renyi/rank_1/p075/n50/Q_50_seed_19.npy",
  "v_file": "/scratch/bs82/graphs/erdos_renyi/rank_1/p075/n50/V_50_seed_19.npy",
  "best_l": 15
}