{
  "rank": 1,
  "precision": 32,
  "candidates_per_task": 100,
  "best_score": 528.0,
  "time_seconds": 0.009072303771972656,
  "best_k": [
    0,
    0,
    0,
    0,
    2,
    0,
    2,
    2,
    0,
    2,
    0,
    0,
    2,
    0,
    2,
    0,
    2,
    2,
    2,
    0,
    2,
    2,
    2,
    2,
    2,
    2,
    1,
    1,
    0,
    2,
    0,
    2,
    1,
    0,
    1,
    0,
    1,
    0,
    0,
    0,
    0,
    0,
    1,
    0,
    1,
    0,
    0,
    1,
    1,
    0,
    1,
    0,
    0,
    1,
    1,
    1,
    1,
    1,
    1,
    1,
    0,
    1,
    1,
    0,
    0,
    1,
    0,
    0,
    0,
    1,
    0,
    0,
    1,
    1,
    1,
    0,
    1,
    1,
    0,
    0,
    0,
    1,
    0,
    0,
    0,
    1,
    1,
    0,
    1,
    1,
    1,
    0,
    0,
    0,
    0,
    0,
    0,
    0,
    1,
    1
  ],
  "best_z_real": [
    1.0,
    1.0,
    1.0,
    1.0,
    -0.5000000000000004,
    1.0,
    -0.5000000000000004,
    -0.5000000000000004,
    1.0,
    -0.5000000000000004,
    1.0,
    1.0,
    -0.5000000000000004,
    1.0,
    -0.5000000000000004,
    1.0,
    -0.5000000000000004,
    -0.5000000000000004,
    -0.5000000000000004,
    1.0,
    -0.5000000000000004,
    -0.5000000000000004,
    -0.5000000000000004,
    -0.5000000000000004,
    -0.5000000000000004,
    -0.5000000000000004,
    -0.4999999999999998,
    -0.4999999999999998,
    1.0,
    -0.5000000000000004,
    1.0,
    -0.5000000000000004,
    -0.4999999999999998,
    1.0,
    -0.4999999999999998,
    1.0,
    -0.4999999999999998,
    1.0,
    1.0,
    1.0,
    1.0,
    1.0,
    -0.4999999999999998,
    1.0,
    -0.4999999999999998,
    1.0,
    1.0,
    -0.4999999999999998,
    -0.4999999999999998,
    1.0,
    -0.4999999999999998,
    1.0,
    1.0,
    -0.4999999999999998,
    -0.4999999999999998,
    -0.4999999999999998,
    -0.4999999999999998,
    -0.4999999999999998,
    -0.4999999999999998,
    -0.4999999999999998,
    1.0,
    -0.4999999999999998,
    -0.4999999999999998,
    1.0,
    1.0,
    -0.4999999999999998,
    1.0,
    1.0,
    1.0,
    -0.4999999999999998,
    1.0,
    1.0,
    -0.4999999999999998,
    -0.4999999999999998,
    -0.4999999999999998,
    1.0,
    -0.4999999999999998,
    -0.4999999999999998,
    1.0,
    1.0,
    1.0,
    -0.4999999999999998,
    1.0,
    1.0,
    1.0,
    -0.4999999999999998,
    -0.4999999999999998,
    1.0,
    -0.4999999999999998,
    -0.4999999999999998,
    -0.4999999999999998,
    1.0,
    1.0,
    1.0,
    1.0,
    1.0,
    1.0,
    1.0,
    -0.4999999999999998,
    -0.4999999999999998
  ],
  "best_z_imag": [
    0.0,
    0.0,
    0.0,
    0.0,
    -0.8660254037844384,
    0.0,
    -0.8660254037844384,
    -0.8660254037844384,
    0.0,
    -0.8660254037844384,
    0.0,
    0.0,
    -0.8660254037844384,
    0.0,
    -0.8660254037844384,
    0.0,
    -0.8660254037844384,
    -0.8660254037844384,
    -0.8660254037844384,
    0.0,
    -0.8660254037844384,
    -0.8660254037844384,
    -0.8660254037844384,
    -0.8660254037844384,
    -0.8660254037844384,
    -0.8660254037844384,
    0.8660254037844387,
    0.8660254037844387,
    0.0,
    -0.8660254037844384,
    0.0,
    -0.8660254037844384,
    0.8660254037844387,
    0.0,
    0.8660254037844387,
    0.0,
    0.8660254037844387,
    0.0,
    0.0,
    0.0,
    0.0,
    0.0,
    0.8660254037844387,
    0.0,
    0.8660254037844387,
    0.0,
    0.0,
    0.8660254037844387,
    0.8660254037844387,
    0.0,
    0.8660254037844387,
    0.0,
    0.0,
    0.8660254037844387,
    0.8660254037844387,
    0.8660254037844387,
    0.8660254037844387,
    0.8660254037844387,
    0.8660254037844387,
    0.8660254037844387,
    0.0,
    0.8660254037844387,
    0.8660254037844387,
    0.0,
    0.0,
    0.8660254037844387,
    0.0,
    0.0,
    0.0,
    0.8660254037844387,
    0.0,
    0.0,
    0.8660254037844387,
    0.8660254037844387,
    0.8660254037844387,
    0.0,
    0.8660254037844387,
    0.8660254037844387,
    0.0,
    0.0,
    0.0,
    0.8660254037844387,
    0.0,
    0.0,
    0.0,
    0.8660254037844387,
    0.8660254037844387,
    0.0,
    0.8660254037844387,
    0.8660254037844387,
    0.8660254037844387,
    0.0,
    0.0,
    0.0,
    0.0,
    0.0,
    0.0,
    0.0,
    0.8660254037844387,
    0.8660254037844387
  ],
  "num_workers": 210,
  "q_file": "/scratch/bs82/graphs/regular_graph/4_regular_graph_rank_1/n100/Q_100_seed_10.npy",
  "v_file": "/scratch/bs82/graphs/regular_graph/4_regular_graph_rank_1/n100/V_100_seed_10.npy",
  "best_l": 17
}