{
  "n": 20,
  "seed": 42,
  "rank": 2,
  "precision": 32,
  "candidates_per_task": 1000,
  "best_score": 243.0,
  "time_seconds": 0.535259485244751,
  "best_k": [
    1,
    0,
    1,
    1,
    1,
    1,
    0,
    2,
    1,
    2,
    0,
    2,
    0,
    0,
    0,
    1,
    0,
    2,
    1,
    2
  ],
  "best_z_real": [
    -0.5,
    1.0,
    -0.5,
    -0.5,
    -0.5,
    -0.5,
    1.0,
    -0.5,
    -0.5,
    -0.5,
    1.0,
    -0.5,
    1.0,
    1.0,
    1.0,
    -0.5,
    1.0,
    -0.5,
    -0.5,
    -0.5
  ],
  "best_z_imag": [
    0.8660253882408142,
    0.0,
    0.8660253882408142,
    0.8660253882408142,
    0.8660253882408142,
    0.8660253882408142,
    0.0,
    -0.8660253882408142,
    0.8660253882408142,
    -0.8660253882408142,
    0.0,
    -0.8660253882408142,
    0.0,
    0.0,
    0.0,
    0.8660253882408142,
    0.0,
    -0.8660253882408142,
    0.8660253882408142,
    -0.8660253882408142
  ],
  "num_workers": 480,
  "q_file": "/home/bs82/max-k-cut-parallel/graphs/erdos_renyi/rank_2/p05/n20/Q_20_seed_11.npy",
  "v_file": "/home/bs82/max-k-cut-parallel/graphs/erdos_renyi/rank_2/p05/n20/V_20_seed_11.npy"
}