{
  "n": 20,
  "seed": 8,
  "rank": 2,
  "precision": 32,
  "candidates_per_task": 1000,
  "best_score": 252.0,
  "time_seconds": 0.5284814834594727,
  "best_k": [
    1,
    0,
    0,
    2,
    1,
    1,
    0,
    2,
    2,
    1,
    2,
    2,
    0,
    2,
    1,
    0,
    0,
    0,
    0,
    0
  ],
  "best_z_real": [
    -0.5,
    1.0,
    1.0,
    -0.5,
    -0.5,
    -0.5,
    1.0,
    -0.5,
    -0.5,
    -0.5,
    -0.5,
    -0.5,
    1.0,
    -0.5,
    -0.5,
    1.0,
    1.0,
    1.0,
    1.0,
    1.0
  ],
  "best_z_imag": [
    0.8660253882408142,
    0.0,
    0.0,
    -0.8660253882408142,
    0.8660253882408142,
    0.8660253882408142,
    0.0,
    -0.8660253882408142,
    -0.8660253882408142,
    0.8660253882408142,
    -0.8660253882408142,
    -0.8660253882408142,
    0.0,
    -0.8660253882408142,
    0.8660253882408142,
    0.0,
    0.0,
    0.0,
    0.0,
    0.0
  ],
  "num_workers": 400,
  "q_file": "/scratch/bs82/graphs/erdos_renyi/rank_2/p05/n20/Q_20_seed_8.npy",
  "v_file": "/scratch/bs82/graphs/erdos_renyi/rank_2/p05/n20/V_20_seed_8.npy"
}