{
  "n": 100,
  "seed": 5,
  "rank": 2,
  "precision": 32,
  "candidates_per_task": 10000,
  "best_score": 450.0,
  "time_seconds": 15.845540046691895,
  "best_k": [
    0,
    0,
    1,
    1,
    2,
    0,
    1,
    2,
    0,
    1,
    2,
    0,
    2,
    2,
    0,
    0,
    2,
    2,
    1,
    2,
    2,
    0,
    0,
    0,
    2,
    1,
    2,
    0,
    1,
    1,
    1,
    2,
    0,
    1,
    0,
    2,
    0,
    1,
    2,
    0,
    1,
    0,
    1,
    2,
    0,
    2,
    1,
    1,
    2,
    1,
    0,
    1,
    2,
    2,
    2,
    0,
    2,
    1,
    2,
    2,
    0,
    1,
    0,
    2,
    1,
    1,
    2,
    2,
    1,
    1,
    2,
    1,
    1,
    0,
    1,
    2,
    1,
    1,
    2,
    1,
    1,
    2,
    1,
    0,
    2,
    0,
    1,
    0,
    0,
    0,
    0,
    0,
    0,
    0,
    1,
    1,
    0,
    1,
    0,
    2
  ],
  "best_z_real": [
    1.0,
    1.0,
    -0.5,
    -0.5,
    -0.5,
    1.0,
    -0.5,
    -0.5,
    1.0,
    -0.5,
    -0.5,
    1.0,
    -0.5,
    -0.5,
    1.0,
    1.0,
    -0.5,
    -0.5,
    -0.5,
    -0.5,
    -0.5,
    1.0,
    1.0,
    1.0,
    -0.5,
    -0.5,
    -0.5,
    1.0,
    -0.5,
    -0.5,
    -0.5,
    -0.5,
    1.0,
    -0.5,
    1.0,
    -0.5,
    1.0,
    -0.5,
    -0.5,
    1.0,
    -0.5,
    1.0,
    -0.5,
    -0.5,
    1.0,
    -0.5,
    -0.5,
    -0.5,
    -0.5,
    -0.5,
    1.0,
    -0.5,
    -0.5,
    -0.5,
    -0.5,
    1.0,
    -0.5,
    -0.5,
    -0.5,
    -0.5,
    1.0,
    -0.5,
    1.0,
    -0.5,
    -0.5,
    -0.5,
    -0.5,
    -0.5,
    -0.5,
    -0.5,
    -0.5,
    -0.5,
    -0.5,
    1.0,
    -0.5,
    -0.5,
    -0.5,
    -0.5,
    -0.5,
    -0.5,
    -0.5,
    -0.5,
    -0.5,
    1.0,
    -0.5,
    1.0,
    -0.5,
    1.0,
    1.0,
    1.0,
    1.0,
    1.0,
    1.0,
    1.0,
    -0.5,
    -0.5,
    1.0,
    -0.5,
    1.0,
    -0.5
  ],
  "best_z_imag": [
    0.0,
    0.0,
    0.8660253882408142,
    0.8660253882408142,
    -0.8660253882408142,
    0.0,
    0.8660253882408142,
    -0.8660253882408142,
    0.0,
    0.8660253882408142,
    -0.8660253882408142,
    0.0,
    -0.8660253882408142,
    -0.8660253882408142,
    0.0,
    0.0,
    -0.8660253882408142,
    -0.8660253882408142,
    0.8660253882408142,
    -0.8660253882408142,
    -0.8660253882408142,
    0.0,
    0.0,
    0.0,
    -0.8660253882408142,
    0.8660253882408142,
    -0.8660253882408142,
    0.0,
    0.8660253882408142,
    0.8660253882408142,
    0.8660253882408142,
    -0.8660253882408142,
    0.0,
    0.8660253882408142,
    0.0,
    -0.8660253882408142,
    0.0,
    0.8660253882408142,
    -0.8660253882408142,
    0.0,
    0.8660253882408142,
    0.0,
    0.8660253882408142,
    -0.8660253882408142,
    0.0,
    -0.8660253882408142,
    0.8660253882408142,
    0.8660253882408142,
    -0.8660253882408142,
    0.8660253882408142,
    0.0,
    0.8660253882408142,
    -0.8660253882408142,
    -0.8660253882408142,
    -0.8660253882408142,
    0.0,
    -0.8660253882408142,
    0.8660253882408142,
    -0.8660253882408142,
    -0.8660253882408142,
    0.0,
    0.8660253882408142,
    0.0,
    -0.8660253882408142,
    0.8660253882408142,
    0.8660253882408142,
    -0.8660253882408142,
    -0.8660253882408142,
    0.8660253882408142,
    0.8660253882408142,
    -0.8660253882408142,
    0.8660253882408142,
    0.8660253882408142,
    0.0,
    0.8660253882408142,
    -0.8660253882408142,
    0.8660253882408142,
    0.8660253882408142,
    -0.8660253882408142,
    0.8660253882408142,
    0.8660253882408142,
    -0.8660253882408142,
    0.8660253882408142,
    0.0,
    -0.8660253882408142,
    0.0,
    0.8660253882408142,
    0.0,
    0.0,
    0.0,
    0.0,
    0.0,
    0.0,
    0.0,
    0.8660253882408142,
    0.8660253882408142,
    0.0,
    0.8660253882408142,
    0.0,
    -0.8660253882408142
  ],
  "num_workers": 400,
  "q_file": "/scratch/bs82/graphs/regular_graph/3_regular_graph_rank_2/n100/Q_100_seed_5.npy",
  "v_file": "/scratch/bs82/graphs/regular_graph/3_regular_graph_rank_2/n100/V_100_seed_5.npy"
}