{
  "rank": 3,
  "precision": 32,
  "candidates_per_task": 50000,
  "best_score": 117.0,
  "time_seconds": 40.35946488380432,
  "best_k": [
    0,
    1,
    1,
    1,
    2,
    1,
    0,
    1,
    0,
    2,
    1,
    0,
    2,
    2,
    1,
    2,
    0,
    1,
    2,
    1
  ],
  "best_z_real": [
    1.0,
    -0.5,
    -0.5,
    -0.5,
    -0.5,
    -0.5,
    1.0,
    -0.5,
    1.0,
    -0.5,
    -0.5,
    1.0,
    -0.5,
    -0.5,
    -0.5,
    -0.5,
    1.0,
    -0.5,
    -0.5,
    -0.5
  ],
  "best_z_imag": [
    0.0,
    0.8660253882408142,
    0.8660253882408142,
    0.8660253882408142,
    -0.8660253882408142,
    0.8660253882408142,
    0.0,
    0.8660253882408142,
    0.0,
    -0.8660253882408142,
    0.8660253882408142,
    0.0,
    -0.8660253882408142,
    -0.8660253882408142,
    0.8660253882408142,
    -0.8660253882408142,
    0.0,
    0.8660253882408142,
    -0.8660253882408142,
    0.8660253882408142
  ],
  "num_workers": 400,
  "q_file": "/scratch/bs82/graphs/erdos_renyi/rank_3/p025/n20/Q_20_seed_0.npy",
  "v_file": "/scratch/bs82/graphs/erdos_renyi/rank_3/p025/n20/V_20_seed_0.npy"
}