{
  "rank": 2,
  "precision": 32,
  "candidates_per_task": 1000,
  "best_score": 312.0,
  "time_seconds": 0.34387826919555664,
  "best_k": [
    1,
    1,
    2,
    1,
    1,
    1,
    1,
    1,
    2,
    1,
    1,
    0,
    0,
    0,
    0,
    0,
    0,
    0,
    0,
    0
  ],
  "best_z_real": [
    -0.4999999999999998,
    -0.4999999999999998,
    -0.5000000000000004,
    -0.4999999999999998,
    -0.4999999999999998,
    -0.4999999999999998,
    -0.4999999999999998,
    -0.4999999999999998,
    -0.5000000000000004,
    -0.4999999999999998,
    -0.4999999999999998,
    1.0,
    1.0,
    1.0,
    1.0,
    1.0,
    1.0,
    1.0,
    1.0,
    1.0
  ],
  "best_z_imag": [
    0.8660254037844387,
    0.8660254037844387,
    -0.8660254037844384,
    0.8660254037844387,
    0.8660254037844387,
    0.8660254037844387,
    0.8660254037844387,
    0.8660254037844387,
    -0.8660254037844384,
    0.8660254037844387,
    0.8660254037844387,
    0.0,
    0.0,
    0.0,
    0.0,
    0.0,
    0.0,
    0.0,
    0.0,
    0.0
  ],
  "num_workers": 210,
  "q_file": "/scratch/bs82/graphs/erdos_renyi/rank_2/p09/n20/Q_20_seed_4.npy",
  "v_file": "/scratch/bs82/graphs/erdos_renyi/rank_2/p09/n20/V_20_seed_4.npy"
}