{
  "rank": 2,
  "precision": 32,
  "candidates_per_task": 1000,
  "best_score": 381.0,
  "time_seconds": 1.2421228885650635,
  "best_k": [
    0,
    1,
    1,
    1,
    2,
    1,
    2,
    0,
    2,
    0,
    0,
    1,
    1,
    2,
    0,
    1,
    2,
    0,
    0,
    0
  ],
  "best_z_real": [
    1.0,
    -0.5,
    -0.5,
    -0.5,
    -0.5,
    -0.5,
    -0.5,
    1.0,
    -0.5,
    1.0,
    1.0,
    -0.5,
    -0.5,
    -0.5,
    1.0,
    -0.5,
    -0.5,
    1.0,
    1.0,
    1.0
  ],
  "best_z_imag": [
    0.0,
    0.8660253882408142,
    0.8660253882408142,
    0.8660253882408142,
    -0.8660253882408142,
    0.8660253882408142,
    -0.8660253882408142,
    0.0,
    -0.8660253882408142,
    0.0,
    0.0,
    0.8660253882408142,
    0.8660253882408142,
    -0.8660253882408142,
    0.0,
    0.8660253882408142,
    -0.8660253882408142,
    0.0,
    0.0,
    0.0
  ],
  "num_workers": 210,
  "q_file": "/scratch/bs82/graphs/erdos_renyi/rank_2/p09/n20/Q_20_seed_0.npy",
  "v_file": "/scratch/bs82/graphs/erdos_renyi/rank_2/p09/n20/V_20_seed_0.npy"
}