{
  "rank": 3,
  "K": 3,
  "precision": 32,
  "candidates_per_task": 10000000,
  "max_in_flight_cpu": 0,
  "best_score": 450.0,
  "time_seconds": 381.2238507270813,
  "best_k": [
    2,
    0,
    2,
    2,
    0,
    1,
    0,
    0,
    1,
    0,
    0,
    1,
    1,
    2,
    1,
    0,
    1,
    1,
    2,
    1,
    1,
    0,
    1,
    0,
    1,
    1,
    2,
    2,
    2,
    0,
    0,
    2,
    2,
    1,
    0,
    2,
    0,
    0,
    2,
    2,
    0,
    0,
    1,
    0,
    0,
    1,
    0,
    2,
    2,
    2,
    2,
    1,
    0,
    2,
    1,
    1,
    2,
    1,
    2,
    0,
    2,
    0,
    0,
    2,
    0,
    1,
    0,
    0,
    1,
    2,
    2,
    2,
    0,
    0,
    0,
    1,
    0,
    2,
    2,
    1,
    2,
    0,
    2,
    2,
    2,
    2,
    2,
    1,
    0,
    2,
    1,
    1,
    1,
    2,
    1,
    2,
    0,
    1,
    2,
    2
  ],
  "best_z_real": [
    -0.49999991059303284,
    1.0,
    -0.49999991059303284,
    -0.49999991059303284,
    1.0,
    -0.5000000596046448,
    1.0,
    1.0,
    -0.5000000596046448,
    1.0,
    1.0,
    -0.5000000596046448,
    -0.5000000596046448,
    -0.49999991059303284,
    -0.5000000596046448,
    1.0,
    -0.5000000596046448,
    -0.5000000596046448,
    -0.49999991059303284,
    -0.5000000596046448,
    -0.5000000596046448,
    1.0,
    -0.5000000596046448,
    1.0,
    -0.5000000596046448,
    -0.5000000596046448,
    -0.49999991059303284,
    -0.49999991059303284,
    -0.49999991059303284,
    1.0,
    1.0,
    -0.49999991059303284,
    -0.49999991059303284,
    -0.5000000596046448,
    1.0,
    -0.49999991059303284,
    1.0,
    1.0,
    -0.49999991059303284,
    -0.49999991059303284,
    1.0,
    1.0,
    -0.5000000596046448,
    1.0,
    1.0,
    -0.5000000596046448,
    1.0,
    -0.49999991059303284,
    -0.49999991059303284,
    -0.49999991059303284,
    -0.49999991059303284,
    -0.5000000596046448,
    1.0,
    -0.49999991059303284,
    -0.5000000596046448,
    -0.5000000596046448,
    -0.49999991059303284,
    -0.5000000596046448,
    -0.49999991059303284,
    1.0,
    -0.49999991059303284,
    1.0,
    1.0,
    -0.49999991059303284,
    1.0,
    -0.5000000596046448,
    1.0,
    1.0,
    -0.5000000596046448,
    -0.49999991059303284,
    -0.49999991059303284,
    -0.49999991059303284,
    1.0,
    1.0,
    1.0,
    -0.5000000596046448,
    1.0,
    -0.49999991059303284,
    -0.49999991059303284,
    -0.5000000596046448,
    -0.49999991059303284,
    1.0,
    -0.49999991059303284,
    -0.49999991059303284,
    -0.49999991059303284,
    -0.49999991059303284,
    -0.49999991059303284,
    -0.5000000596046448,
    1.0,
    -0.49999991059303284,
    -0.5000000596046448,
    -0.5000000596046448,
    -0.5000000596046448,
    -0.49999991059303284,
    -0.5000000596046448,
    -0.49999991059303284,
    1.0,
    -0.5000000596046448,
    -0.49999991059303284,
    -0.49999991059303284
  ],
  "best_z_imag": [
    -0.866025447845459,
    0.0,
    -0.866025447845459,
    -0.866025447845459,
    0.0,
    0.8660253882408142,
    0.0,
    0.0,
    0.8660253882408142,
    0.0,
    0.0,
    0.8660253882408142,
    0.8660253882408142,
    -0.866025447845459,
    0.8660253882408142,
    0.0,
    0.8660253882408142,
    0.8660253882408142,
    -0.866025447845459,
    0.8660253882408142,
    0.8660253882408142,
    0.0,
    0.8660253882408142,
    0.0,
    0.8660253882408142,
    0.8660253882408142,
    -0.866025447845459,
    -0.866025447845459,
    -0.866025447845459,
    0.0,
    0.0,
    -0.866025447845459,
    -0.866025447845459,
    0.8660253882408142,
    0.0,
    -0.866025447845459,
    0.0,
    0.0,
    -0.866025447845459,
    -0.866025447845459,
    0.0,
    0.0,
    0.8660253882408142,
    0.0,
    0.0,
    0.8660253882408142,
    0.0,
    -0.866025447845459,
    -0.866025447845459,
    -0.866025447845459,
    -0.866025447845459,
    0.8660253882408142,
    0.0,
    -0.866025447845459,
    0.8660253882408142,
    0.8660253882408142,
    -0.866025447845459,
    0.8660253882408142,
    -0.866025447845459,
    0.0,
    -0.866025447845459,
    0.0,
    0.0,
    -0.866025447845459,
    0.0,
    0.8660253882408142,
    0.0,
    0.0,
    0.8660253882408142,
    -0.866025447845459,
    -0.866025447845459,
    -0.866025447845459,
    0.0,
    0.0,
    0.0,
    0.8660253882408142,
    0.0,
    -0.866025447845459,
    -0.866025447845459,
    0.8660253882408142,
    -0.866025447845459,
    0.0,
    -0.866025447845459,
    -0.866025447845459,
    -0.866025447845459,
    -0.866025447845459,
    -0.866025447845459,
    0.8660253882408142,
    0.0,
    -0.866025447845459,
    0.8660253882408142,
    0.8660253882408142,
    0.8660253882408142,
    -0.866025447845459,
    0.8660253882408142,
    -0.866025447845459,
    0.0,
    0.8660253882408142,
    -0.866025447845459,
    -0.866025447845459
  ],
  "num_workers": 8,
  "num_gpus": 3,
  "q_file": "/scratch/bs82/graphs/debug_rank_3_100/Q_100_seed_0.npy",
  "v_file": "/scratch/bs82/graphs/debug_rank_3_100/V_100_seed_0.npy"
}