{
  "rank": 2,
  "precision": 32,
  "candidates_per_task": 10000,
  "best_score": 117.0,
  "time_seconds": 2.577954053878784,
  "best_k": [
    1,
    1,
    2,
    0,
    1,
    2,
    0,
    0,
    2,
    2,
    0,
    2,
    2,
    2,
    0,
    1,
    1,
    0,
    1,
    2
  ],
  "best_z_real": [
    -0.5,
    -0.5,
    -0.5,
    1.0,
    -0.5,
    -0.5,
    1.0,
    1.0,
    -0.5,
    -0.5,
    1.0,
    -0.5,
    -0.5,
    -0.5,
    1.0,
    -0.5,
    -0.5,
    1.0,
    -0.5,
    -0.5
  ],
  "best_z_imag": [
    0.8660253882408142,
    0.8660253882408142,
    -0.8660253882408142,
    0.0,
    0.8660253882408142,
    -0.8660253882408142,
    0.0,
    0.0,
    -0.8660253882408142,
    -0.8660253882408142,
    0.0,
    -0.8660253882408142,
    -0.8660253882408142,
    -0.8660253882408142,
    0.0,
    0.8660253882408142,
    0.8660253882408142,
    0.0,
    0.8660253882408142,
    -0.8660253882408142
  ],
  "num_workers": 210,
  "q_file": "/scratch/bs82/graphs/regular_graph/4_regular_graph_rank_2/n20/Q_20_seed_3.npy",
  "v_file": "/scratch/bs82/graphs/regular_graph/4_regular_graph_rank_2/n20/V_20_seed_3.npy"
}