{
  "n": 10,
  "seed": 42,
  "best_score": 46.16781127678284,
  "time_seconds": 0.13520455360412598,
  "best_k": [
    0,
    2,
    0,
    0,
    2,
    2,
    0,
    2,
    2,
    2
  ],
  "best_z_real": [
    1.0,
    -0.5000000000000004,
    1.0,
    1.0,
    -0.5000000000000004,
    -0.5000000000000004,
    1.0,
    -0.5000000000000004,
    -0.5000000000000004,
    -0.5000000000000004
  ],
  "best_z_imag": [
    0.0,
    -0.8660254037844384,
    0.0,
    0.0,
    -0.8660254037844384,
    -0.8660254037844384,
    0.0,
    -0.8660254037844384,
    -0.8660254037844384,
    -0.8660254037844384
  ],
  "num_workers": 128
}