{
  "n": 10,
  "seed": 42,
  "rank": 3,
  "best_score": 56.51073828391817,
  "time_seconds": 1.9942286014556885,
  "best_k": [
    0,
    0,
    0,
    2,
    2,
    2,
    0,
    2,
    1,
    2
  ],
  "best_z_real": [
    1.0,
    1.0,
    1.0,
    -0.5000000000000004,
    -0.5000000000000004,
    -0.5000000000000004,
    1.0,
    -0.5000000000000004,
    -0.4999999999999998,
    -0.5000000000000004
  ],
  "best_z_imag": [
    0.0,
    0.0,
    0.0,
    -0.8660254037844384,
    -0.8660254037844384,
    -0.8660254037844384,
    0.0,
    -0.8660254037844384,
    0.8660254037844387,
    -0.8660254037844384
  ],
  "num_workers": 128
}