{
  "rank": 3,
  "precision": 32,
  "candidates_per_task": 10000,
  "best_score": 348.0,
  "time_seconds": 9.253700494766235,
  "best_k": [
    0,
    2,
    2,
    2,
    2,
    2,
    2,
    2,
    2,
    1,
    0,
    0,
    1,
    1,
    1,
    1,
    1,
    1,
    1,
    1
  ],
  "best_z_real": [
    1.0,
    -0.5000000000000004,
    -0.5000000000000004,
    -0.5000000000000004,
    -0.5000000000000004,
    -0.5000000000000004,
    -0.5000000000000004,
    -0.5000000000000004,
    -0.5000000000000004,
    -0.4999999999999998,
    1.0,
    1.0,
    -0.4999999999999998,
    -0.4999999999999998,
    -0.4999999999999998,
    -0.4999999999999998,
    -0.4999999999999998,
    -0.4999999999999998,
    -0.4999999999999998,
    -0.4999999999999998
  ],
  "best_z_imag": [
    0.0,
    -0.8660254037844384,
    -0.8660254037844384,
    -0.8660254037844384,
    -0.8660254037844384,
    -0.8660254037844384,
    -0.8660254037844384,
    -0.8660254037844384,
    -0.8660254037844384,
    0.8660254037844387,
    0.0,
    0.0,
    0.8660254037844387,
    0.8660254037844387,
    0.8660254037844387,
    0.8660254037844387,
    0.8660254037844387,
    0.8660254037844387,
    0.8660254037844387,
    0.8660254037844387
  ],
  "num_workers": 210,
  "q_file": "/scratch/bs82/graphs/erdos_renyi/rank_3/p09/n20/Q_20_seed_9.npy",
  "v_file": "/scratch/bs82/graphs/erdos_renyi/rank_3/p09/n20/V_20_seed_9.npy"
}