{
  "n": 20,
  "seed": 42,
  "rank": 1,
  "precision": 32,
  "candidates_per_task": 10,
  "best_l": 7,
  "best_score": 138.0,
  "time_seconds": 0.12354755401611328,
  "best_k": [
    2,
    2,
    2,
    2,
    2,
    0,
    2,
    2,
    0,
    0,
    1,
    0,
    1,
    0,
    0,
    1,
    0,
    1,
    0,
    1
  ],
  "best_z_real": [
    -0.5000000000000004,
    -0.5000000000000004,
    -0.5000000000000004,
    -0.5000000000000004,
    -0.5000000000000004,
    1.0,
    -0.5000000000000004,
    -0.5000000000000004,
    1.0,
    1.0,
    -0.4999999999999998,
    1.0,
    -0.4999999999999998,
    1.0,
    1.0,
    -0.4999999999999998,
    1.0,
    -0.4999999999999998,
    1.0,
    -0.4999999999999998
  ],
  "best_z_imag": [
    -0.8660254037844384,
    -0.8660254037844384,
    -0.8660254037844384,
    -0.8660254037844384,
    -0.8660254037844384,
    0.0,
    -0.8660254037844384,
    -0.8660254037844384,
    0.0,
    0.0,
    0.8660254037844387,
    0.0,
    0.8660254037844387,
    0.0,
    0.0,
    0.8660254037844387,
    0.0,
    0.8660254037844387,
    0.0,
    0.8660254037844387
  ],
  "num_workers": 208
}