{
  "rank": 3,
  "precision": 32,
  "candidates_per_task": 10000,
  "best_score": 595.995849609375,
  "time_seconds": 2518.1619012355804,
  "best_k": [
    2,
    2,
    0,
    1,
    0,
    0,
    0,
    1,
    0,
    0,
    0,
    1,
    0,
    0,
    0,
    0,
    0,
    1,
    2,
    1,
    0,
    2,
    2,
    1,
    1,
    1,
    2,
    0,
    1,
    1,
    0,
    1,
    0,
    0,
    2,
    0,
    2,
    0,
    1,
    0,
    2,
    2,
    0,
    0,
    1,
    2,
    2,
    0,
    0,
    0
  ],
  "best_z_real": [
    -0.5,
    -0.5,
    1.0,
    -0.5,
    1.0,
    1.0,
    1.0,
    -0.5,
    1.0,
    1.0,
    1.0,
    -0.5,
    1.0,
    1.0,
    1.0,
    1.0,
    1.0,
    -0.5,
    -0.5,
    -0.5,
    1.0,
    -0.5,
    -0.5,
    -0.5,
    -0.5,
    -0.5,
    -0.5,
    1.0,
    -0.5,
    -0.5,
    1.0,
    -0.5,
    1.0,
    1.0,
    -0.5,
    1.0,
    -0.5,
    1.0,
    -0.5,
    1.0,
    -0.5,
    -0.5,
    1.0,
    1.0,
    -0.5,
    -0.5,
    -0.5,
    1.0,
    1.0,
    1.0
  ],
  "best_z_imag": [
    -0.8660253882408142,
    -0.8660253882408142,
    0.0,
    0.8660253882408142,
    0.0,
    0.0,
    0.0,
    0.8660253882408142,
    0.0,
    0.0,
    0.0,
    0.8660253882408142,
    0.0,
    0.0,
    0.0,
    0.0,
    0.0,
    0.8660253882408142,
    -0.8660253882408142,
    0.8660253882408142,
    0.0,
    -0.8660253882408142,
    -0.8660253882408142,
    0.8660253882408142,
    0.8660253882408142,
    0.8660253882408142,
    -0.8660253882408142,
    0.0,
    0.8660253882408142,
    0.8660253882408142,
    0.0,
    0.8660253882408142,
    0.0,
    0.0,
    -0.8660253882408142,
    0.0,
    -0.8660253882408142,
    0.0,
    0.8660253882408142,
    0.0,
    -0.8660253882408142,
    -0.8660253882408142,
    0.0,
    0.0,
    0.8660253882408142,
    -0.8660253882408142,
    -0.8660253882408142,
    0.0,
    0.0,
    0.0
  ],
  "num_workers": 210,
  "q_file": "/scratch/bs82/graphs/erdos_renyi/rank_3/p05/n50/Q_50_seed_15.npy",
  "v_file": "/scratch/bs82/graphs/erdos_renyi/rank_3/p05/n50/V_50_seed_15.npy"
}