{
  "n": 20,
  "seed": 8,
  "rank": 3,
  "precision": 32,
  "candidates_per_task": 10000,
  "best_score": 57.0,
  "time_seconds": 13.62904977798462,
  "best_k": [
    0,
    1,
    2,
    2,
    2,
    2,
    2,
    0,
    1,
    2,
    2,
    1,
    0,
    0,
    1,
    1,
    1,
    2,
    2,
    1
  ],
  "best_z_real": [
    1.0,
    -0.5,
    -0.5,
    -0.5,
    -0.5,
    -0.5,
    -0.5,
    1.0,
    -0.5,
    -0.5,
    -0.5,
    -0.5,
    1.0,
    1.0,
    -0.5,
    -0.5,
    -0.5,
    -0.5,
    -0.5,
    -0.5
  ],
  "best_z_imag": [
    0.0,
    0.8660253882408142,
    -0.8660253882408142,
    -0.8660253882408142,
    -0.8660253882408142,
    -0.8660253882408142,
    -0.8660253882408142,
    0.0,
    0.8660253882408142,
    -0.8660253882408142,
    -0.8660253882408142,
    0.8660253882408142,
    0.0,
    0.0,
    0.8660253882408142,
    0.8660253882408142,
    0.8660253882408142,
    -0.8660253882408142,
    -0.8660253882408142,
    0.8660253882408142
  ],
  "num_workers": 320,
  "q_file": "/scratch/bs82/graphs/erdos_renyi/rank_3/p01/n20/Q_20_seed_8.npy",
  "v_file": "/scratch/bs82/graphs/erdos_renyi/rank_3/p01/n20/V_20_seed_8.npy"
}