{
  "rank": 3,
  "precision": 32,
  "candidates_per_task": 50000,
  "best_score": 1437.0,
  "time_seconds": 1431.6547694206238,
  "best_k": [
    0,
    0,
    2,
    1,
    1,
    1,
    0,
    1,
    2,
    0,
    0,
    1,
    2,
    0,
    1,
    1,
    0,
    2,
    2,
    0,
    2,
    0,
    2,
    1,
    1,
    2,
    0,
    1,
    2,
    2,
    1,
    1,
    2,
    2,
    1,
    2,
    0,
    0,
    2,
    2,
    1,
    0,
    2,
    0,
    1,
    2,
    2,
    0,
    2,
    1
  ],
  "best_z_real": [
    1.0,
    1.0,
    -0.5,
    -0.5,
    -0.5,
    -0.5,
    1.0,
    -0.5,
    -0.5,
    1.0,
    1.0,
    -0.5,
    -0.5,
    1.0,
    -0.5,
    -0.5,
    1.0,
    -0.5,
    -0.5,
    1.0,
    -0.5,
    1.0,
    -0.5,
    -0.5,
    -0.5,
    -0.5,
    1.0,
    -0.5,
    -0.5,
    -0.5,
    -0.5,
    -0.5,
    -0.5,
    -0.5,
    -0.5,
    -0.5,
    1.0,
    1.0,
    -0.5,
    -0.5,
    -0.5,
    1.0,
    -0.5,
    1.0,
    -0.5,
    -0.5,
    -0.5,
    1.0,
    -0.5,
    -0.5
  ],
  "best_z_imag": [
    0.0,
    0.0,
    -0.8660253882408142,
    0.8660253882408142,
    0.8660253882408142,
    0.8660253882408142,
    0.0,
    0.8660253882408142,
    -0.8660253882408142,
    0.0,
    0.0,
    0.8660253882408142,
    -0.8660253882408142,
    0.0,
    0.8660253882408142,
    0.8660253882408142,
    0.0,
    -0.8660253882408142,
    -0.8660253882408142,
    0.0,
    -0.8660253882408142,
    0.0,
    -0.8660253882408142,
    0.8660253882408142,
    0.8660253882408142,
    -0.8660253882408142,
    0.0,
    0.8660253882408142,
    -0.8660253882408142,
    -0.8660253882408142,
    0.8660253882408142,
    0.8660253882408142,
    -0.8660253882408142,
    -0.8660253882408142,
    0.8660253882408142,
    -0.8660253882408142,
    0.0,
    0.0,
    -0.8660253882408142,
    -0.8660253882408142,
    0.8660253882408142,
    0.0,
    -0.8660253882408142,
    0.0,
    0.8660253882408142,
    -0.8660253882408142,
    -0.8660253882408142,
    0.0,
    -0.8660253882408142,
    0.8660253882408142
  ],
  "num_workers": 800,
  "q_file": "/home/bs82/graphs/erdos_renyi/rank_3/p05/n50/Q_50_seed_9.npy",
  "v_file": "/home/bs82/graphs/erdos_renyi/rank_3/p05/n50/V_50_seed_9.npy"
}