{
  "n": 10,
  "seed": 42,
  "best_score": 50.99999999999999,
  "time_seconds": 0.6597139835357666,
  "best_k": [
    0,
    1,
    1,
    2,
    1,
    2,
    0,
    0,
    0,
    2
  ],
  "best_z_real": [
    1.0,
    -0.4999999999999998,
    -0.4999999999999998,
    -0.5000000000000004,
    -0.4999999999999998,
    -0.5000000000000004,
    1.0,
    1.0,
    1.0,
    -0.5000000000000004
  ],
  "best_z_imag": [
    0.0,
    0.8660254037844387,
    0.8660254037844387,
    -0.8660254037844384,
    0.8660254037844387,
    -0.8660254037844384,
    0.0,
    0.0,
    0.0,
    -0.8660254037844384
  ],
  "recovery_ratio": 0.8054148701980505
}