{
  "n": 10,
  "seed": 42,
  "rank": 1,
  "best_score": 5.436889696739787,
  "time_seconds": 0.13431906700134277,
  "best_k": [
    2,
    0,
    2,
    2,
    0,
    0,
    2,
    0,
    0,
    0
  ],
  "best_z_real": [
    -0.5000000000000004,
    1.0,
    -0.5000000000000004,
    -0.5000000000000004,
    1.0,
    1.0,
    -0.5000000000000004,
    1.0,
    1.0,
    1.0
  ],
  "best_z_imag": [
    -0.8660254037844384,
    0.0,
    -0.8660254037844384,
    -0.8660254037844384,
    0.0,
    0.0,
    -0.8660254037844384,
    0.0,
    0.0,
    0.0
  ],
  "num_workers": 128,
  "recovery_ratio": 0.7987031511566716
}