{
  "rank": 3,
  "precision": 32,
  "candidates_per_task": 50000,
  "best_score": 2394.0,
  "time_seconds": 1337.8188004493713,
  "best_k": [
    1,
    2,
    0,
    2,
    2,
    2,
    1,
    0,
    1,
    1,
    1,
    1,
    1,
    1,
    0,
    1,
    0,
    0,
    1,
    1,
    2,
    1,
    1,
    1,
    0,
    0,
    0,
    0,
    0,
    2,
    0,
    2,
    2,
    0,
    1,
    2,
    2,
    2,
    0,
    1,
    2,
    0,
    2,
    2,
    2,
    2,
    0,
    1,
    2,
    0
  ],
  "best_z_real": [
    -0.5,
    -0.5,
    1.0,
    -0.5,
    -0.5,
    -0.5,
    -0.5,
    1.0,
    -0.5,
    -0.5,
    -0.5,
    -0.5,
    -0.5,
    -0.5,
    1.0,
    -0.5,
    1.0,
    1.0,
    -0.5,
    -0.5,
    -0.5,
    -0.5,
    -0.5,
    -0.5,
    1.0,
    1.0,
    1.0,
    1.0,
    1.0,
    -0.5,
    1.0,
    -0.5,
    -0.5,
    1.0,
    -0.5,
    -0.5,
    -0.5,
    -0.5,
    1.0,
    -0.5,
    -0.5,
    1.0,
    -0.5,
    -0.5,
    -0.5,
    -0.5,
    1.0,
    -0.5,
    -0.5,
    1.0
  ],
  "best_z_imag": [
    0.8660253882408142,
    -0.8660253882408142,
    0.0,
    -0.8660253882408142,
    -0.8660253882408142,
    -0.8660253882408142,
    0.8660253882408142,
    0.0,
    0.8660253882408142,
    0.8660253882408142,
    0.8660253882408142,
    0.8660253882408142,
    0.8660253882408142,
    0.8660253882408142,
    0.0,
    0.8660253882408142,
    0.0,
    0.0,
    0.8660253882408142,
    0.8660253882408142,
    -0.8660253882408142,
    0.8660253882408142,
    0.8660253882408142,
    0.8660253882408142,
    0.0,
    0.0,
    0.0,
    0.0,
    0.0,
    -0.8660253882408142,
    0.0,
    -0.8660253882408142,
    -0.8660253882408142,
    0.0,
    0.8660253882408142,
    -0.8660253882408142,
    -0.8660253882408142,
    -0.8660253882408142,
    0.0,
    0.8660253882408142,
    -0.8660253882408142,
    0.0,
    -0.8660253882408142,
    -0.8660253882408142,
    -0.8660253882408142,
    -0.8660253882408142,
    0.0,
    0.8660253882408142,
    -0.8660253882408142,
    0.0
  ],
  "num_workers": 320,
  "q_file": "/scratch/bs82/graphs/erdos_renyi/rank_3/p075/n50/Q_50_seed_19.npy",
  "v_file": "/scratch/bs82/graphs/erdos_renyi/rank_3/p075/n50/V_50_seed_19.npy"
}