{
  "n": 15,
  "seed": 42,
  "rank": 3,
  "best_score": 13.380420725221136,
  "time_seconds": 8.765509843826294,
  "best_k": [
    0,
    0,
    0,
    1,
    2,
    1,
    2,
    2,
    0,
    2,
    2,
    1,
    0,
    2,
    1
  ],
  "best_z_real": [
    1.0,
    1.0,
    1.0,
    -0.4999999999999998,
    -0.5000000000000004,
    -0.4999999999999998,
    -0.5000000000000004,
    -0.5000000000000004,
    1.0,
    -0.5000000000000004,
    -0.5000000000000004,
    -0.4999999999999998,
    1.0,
    -0.5000000000000004,
    -0.4999999999999998
  ],
  "best_z_imag": [
    0.0,
    0.0,
    0.0,
    0.8660254037844387,
    -0.8660254037844384,
    0.8660254037844387,
    -0.8660254037844384,
    -0.8660254037844384,
    0.0,
    -0.8660254037844384,
    -0.8660254037844384,
    0.8660254037844387,
    0.0,
    -0.8660254037844384,
    0.8660254037844387
  ],
  "num_workers": 128,
  "recovery_ratio": 0.7867718033051688
}