{
  "n": 10,
  "seed": 42,
  "rank": 2,
  "best_score": 60.03587807198318,
  "time_seconds": 1.4421212673187256,
  "best_k": [
    2,
    0,
    2,
    2,
    2,
    0,
    0,
    2,
    2,
    0
  ],
  "best_z_real": [
    -0.5000000000000004,
    1.0,
    -0.5000000000000004,
    -0.5000000000000004,
    -0.5000000000000004,
    1.0,
    1.0,
    -0.5000000000000004,
    -0.5000000000000004,
    1.0
  ],
  "best_z_imag": [
    -0.8660254037844384,
    0.0,
    -0.8660254037844384,
    -0.8660254037844384,
    -0.8660254037844384,
    0.0,
    0.0,
    -0.8660254037844384,
    -0.8660254037844384,
    0.0
  ],
  "num_workers": 128
}