{
  "n": 20,
  "seed": 42,
  "rank": 1,
  "precision": 32,
  "candidates_per_task": 10,
  "best_l": 13,
  "best_score": 300.0,
  "time_seconds": 0.1394643783569336,
  "best_k": [
    2,
    0,
    1,
    1,
    1,
    0,
    2,
    1,
    1,
    2,
    1,
    1,
    1,
    0,
    0,
    0,
    2,
    0,
    2,
    0
  ],
  "best_z_real": [
    -0.5000000000000004,
    1.0,
    -0.4999999999999998,
    -0.4999999999999998,
    -0.4999999999999998,
    1.0,
    -0.5000000000000004,
    -0.4999999999999998,
    -0.4999999999999998,
    -0.5000000000000004,
    -0.4999999999999998,
    -0.4999999999999998,
    -0.4999999999999998,
    1.0,
    1.0,
    1.0,
    -0.5000000000000004,
    1.0,
    -0.5000000000000004,
    1.0
  ],
  "best_z_imag": [
    -0.8660254037844384,
    0.0,
    0.8660254037844387,
    0.8660254037844387,
    0.8660254037844387,
    0.0,
    -0.8660254037844384,
    0.8660254037844387,
    0.8660254037844387,
    -0.8660254037844384,
    0.8660254037844387,
    0.8660254037844387,
    0.8660254037844387,
    0.0,
    0.0,
    0.0,
    -0.8660254037844384,
    0.0,
    -0.8660254037844384,
    0.0
  ],
  "num_workers": 208
}