{
  "n": 20,
  "seed": 5,
  "rank": 1,
  "precision": 32,
  "candidates_per_task": 10,
  "best_score": 312.0,
  "time_seconds": 0.004871845245361328,
  "best_k": [
    2,
    0,
    2,
    2,
    2,
    2,
    2,
    2,
    2,
    1,
    1,
    1,
    1,
    0,
    0,
    1,
    0,
    0,
    1,
    0
  ],
  "best_z_real": [
    -0.5000000000000004,
    1.0,
    -0.5000000000000004,
    -0.5000000000000004,
    -0.5000000000000004,
    -0.5000000000000004,
    -0.5000000000000004,
    -0.5000000000000004,
    -0.5000000000000004,
    -0.4999999999999998,
    -0.4999999999999998,
    -0.4999999999999998,
    -0.4999999999999998,
    1.0,
    1.0,
    -0.4999999999999998,
    1.0,
    1.0,
    -0.4999999999999998,
    1.0
  ],
  "best_z_imag": [
    -0.8660254037844384,
    0.0,
    -0.8660254037844384,
    -0.8660254037844384,
    -0.8660254037844384,
    -0.8660254037844384,
    -0.8660254037844384,
    -0.8660254037844384,
    -0.8660254037844384,
    0.8660254037844387,
    0.8660254037844387,
    0.8660254037844387,
    0.8660254037844387,
    0.0,
    0.0,
    0.8660254037844387,
    0.0,
    0.0,
    0.8660254037844387,
    0.0
  ],
  "num_workers": 400,
  "q_file": "/scratch/bs82/graphs/erdos_renyi/rank_1/p075/n20/Q_20_seed_5.npy",
  "v_file": "/scratch/bs82/graphs/erdos_renyi/rank_1/p075/n20/V_20_seed_5.npy",
  "best_l": 8
}